1009231, The Founder
1009453, Mirage 
1009453, Psyche
1009453, Moonstar
1009453, Spellbinder
1009453, Valkyrie
1009453, Hela's Dark Angel
1009453, Pocahontas
1009670,Werecat
1009670, Cat
1009670, Greer Sorenson
1009670, Greer Garson
1011057,Deadpool
1011057, Steve Harmon
1011057, Slappy
1011057, Pop
1011057, Living Cartoon
1011057, 
1009253,Krule
1011284,Tar Baby
1009544,Risque
1010707,Scourge
1010707, Weapon VII
1009602,Slipstream
1009356,Matchstick
1009356, Doug Brown
1009356, Invisible Boy
1009356, Ryan Landau
1009356, Firebug
1009356, Hothead
1009356, Blaze
1010927,Bill Foster
1010927, Black Goliath
1010927, Giant-Man
1011175,Aginar
1009269,Carlos Muerte
1009269, Death Ryder
1009269, Marcia Lang
1009269, Mistress Death
1009269, John Kowalski
1009269, Little Man
1009269, X-8-8
1009269, Grim Reaper
1009269, many more
1011076,The Master of Games
1011076, Chadmaster
1011206,Doctor Faustus
1009719,Wondie; JQ-272712-K (Superhero Registration Number)
1011210,Holly
1009445,Cal
1009681,Edie
1009681, Tele-Girl
1009681, Bacon and Eggs Easy
1009486,Green Goblin
1009486, New Goblin
1009486, American Son
1009486, Harry Osborn
1011160,Supremor;
1011144,Dreamer
1011144, Shaper of Dreams
1009257,The First X-Man
1009257, Scotty
1009257, Cyke
1009257, Slim
1009257, Fearless Leader
1009257, One-Eye
1009257, the One-Eyed Wonder 
1009257, Slym Dayspring
1009257, Mutate 007
1009257, Eric the Red
1009257, Apocalypse
1009257, Dark Phoenix
1010788,Venom
1010788, Spider-Man
1010788, Ven-orpion
1009247,C'ris
1009247, Major Christopher Summers
1011122,Elloe Kaifi
1009374,Billy; Billy the Beaut; Jigsaw Punisher
1010821,Blondie
1009343,Spider-Herc
1009343, The Lion of Olympus
1009343, The Defender of Olympus
1009343, The Scion of Olympus
1009343, Prince of Power
1009343, Alcaeus
1009343, Herakles
1009343, Herc
1009343, Harry Cleese
1009343, Victor Tegler
1009343, Agent 74
1009343, Utshpna
1011027,The Hero That Could Be You
1011027, Guardian of Eternity
1011027, the Avenging Angel
1011027, Uni-Power
1011027, Captain Universe Recipients
1010333,Phantasm
1010333, John Morley
1009295,Paris Bennet
1009295, Hero sans peur (Hero without fear
1009295, misspelled)
1009164,Dominic Janos Petros (anglicized version of his birth name)
1009164, Nick
1009164, Dom
1009164, Petros
1009164, Jon Bloom
1009164, Dominic Szilard
1009164, Domenic Szilard
1009275,Samson
1009530,Mikhail Rasputin
1011003,Red Hulk
1011003, Venom
1011003, Ghost Rider
1011003, General Ross
1011003, Zzzax
1011003, Redeemer
1011003, Rulk
1011003, Hulk
1011003, Red King
1009200,Blockbuster
1011329,Omega Sentinel
1011329, Arkea
1011329, Malice
1011329, Sentinel
1011329, X-Girl
1010735,Art Douglas
1010735, Drax the Warrior
1010735, Drax the Galactic Guardian
1010735, Destroyer
1010835,Asylum
1009393,Ana Cortes
1009672,Gremlin
1011389,Puddlegulp
1011389, Frog of Thunder
1011389, Frog Thor
1009175,Hanko
1009175, Kreature
1009175, Mutant #666
1009175, Golden Armed Boy
1009175, Magilla Gorilla
1010880,Bert
1010880, Techno
1010880, Ogre
1010880, Mister Fix
1011045,Photon
1009639,Super-Skrull
1009639, Franklin Storm / Invincible Man
1009639, Captain Hero
1009639, Bobby Wright
1009639, Warlord Kl'rt
1009639, Lon Zelig
1009639, has impersonated many beings
1009639, including Hulkling
1009639, Franklin Richards
1009639, Iron Fist
1009639, the Thing
1009639, Denny Marek
1009639, Captain Mar-Vell
1009639, Carol Danvers
1009639, Walter Lawson
1009546,Carol Danvers (when her Danvers personality was dominant)
1009546, Ms. Smith (alias used when seeing Dr. Aubrey Agee)
1009546,  skunk-head (as called by Radius)
1009546, 
1009546, Ace
1009546, Anna Raven
1009546, Mutate #9602
1009546, Dr. Kellogg
1009482,Red Death
1009482, Vasyliev Arkady
1009482, Red
1009285,Turaab
1011009,Sofia Mantega-Barrett
1011009, Sofia Mantega Barrett
1011009, Wind Dancer
1011009, Renascence
1011009, Beautiful
1011204,Mindworm
1009499,Mistress of Magnetism
1009499, Weapon M-II
1009499, M-2
1009499, Pestilence
1009499, Malice
1009499, Magnetrix
1009499, Magneto (impersonating)
1011250,Starstreak
1011250, Counterweight
1010896,Alicia Masters
1010896, Susan Richards
1010896, Lyja The Lazerfist
1010896, Laura Green
1011317,Iron Monger
1011317, Iron Man 2.0
1010842,Cobra
1009328,Grim Reaper
1009638,Reignfire
1009638, Shadowskin
1009638, Cloak
1009638, Black Rook
1009638, Black King
1009638, Lord Imperial
1009638, Solar
1010778,Marvel Boy
1010778, Marvel Man
1010778, Star-Knight
1010778, Protector of the Universe
1011247,Dragon Lord
1009272,Soap
1009503,Prizm 
1010871,Mr. Right
1011345,The Terrible Tinkerer
1011345, Dr. Walker
1009650,Tempest
1009148,Greithoth
1009148, Crusher Creel
1009148, Rocky Davis
1009148, Dynamite Davis
1009148, Lightningbolt
1009148, Prisoner #24957
1009148, Harold
1009256,Milo
1009627,Stilt-Man
1010764,Entity Lambda-Zero
1009394,Colonel Lake
1011163,Zo
1009595,Rocky
1009595, Roxy
1009595, Black Rose
1009595, Katy Milner
1010924,Miek the Unhived
1010831,Network
1011081,Lord of the Hidden Jungle
1011081, Ka-Zar the Savage
1009734,Magneto
1009734, The Man From Room X
1009477,Bucket-Head
1009477, Human Rocket
1009477, Kid Nova
1009477, Nova Prime
1009477, Quasar
1010678,Jules
1010854,Relampago Vivo
1010854, Lightning
1010854, Sir Fulminator
1010450,Molecula
1010450, Starstreak
1010450, Mistress of Density
1010450, Rainbow Brite
1009213,Bushwacker
1009677,Matta
1009210,Universal Builder
1009210, Stretch
1009210, Big Brain
1009210, Reed Benjamin
1009210, The Man in the Mystery Mask
1009210, The Invincible Man
1009210, Doctor Doom
1009210, Dr. Reed Richards
1009693,Venus Dee Milo
1009708,MJ
1009708, Red
1009708, Red Sonja
1009708, Emma Holmes
1009708, Mary Jane Watson-Parker (prior to excursion)
1009588,Lady Sif
1009588, the Stunning Sif
1009588, Sif the Unstoppable
1009588, Fair Sif
1009588, Fair One
1009588, Fairest of the Fair
1009588, Gentle Sif
1009588, Gentlest of the Gentle
1009588, the Dark-Haired Daughter of Asgard
1009588, 
1009588, Mrs. Chambers
1009588, Sybil
1009588, Tiffany
1009185,Ashley Moon
1009185, Felicity Harmon
1009185, Cat
1009185, Licia
1009185, Leesh
1009185, Fee-Fee
1009185, Kitten
1011353,Dog
1009287,Electro
1011419,Van Engen
1011287,Douglock
1011287, Lock
1009298,Famine
1009336,Harpoon
1011385,Douglock
1009609,May
1009609, May Reilly
1009609, May Parker
1009609, May Fitzgerald
1009609, Golden Oldie
1009609, May Morgan
1011092,Actor
1011092, Golden Gladiator
1011092, Bullet-Head
1011092, Golden Avenger
1011092, Shellhead
1011092, Armored Avenger
1011092, Tetsujin
1011092, Hogan Potts
1011092, Randall Pierce
1011092, Spare Parts Man
1011092, Cobalt Man
1011092, Crimson Dynamo
1011092, Iron Gentleman
1011092, Metal Man
1011092, Man of Iron
1011092, Tin Man
1011092, Anthony of York
1011092, Space-Knight
1011092, Irene
1011092, Electro
1011092, T
1010902,Baron Mordo
1009511,Actor
1009511, Golden Gladiator
1009511, Bullet-Head
1009511, Golden Avenger
1009511, Shellhead
1009511, Armored Avenger
1009511, Tetsujin
1009511, Hogan Potts
1009511, Randall Pierce
1009511, Spare Parts Man
1009511, Cobalt Man
1009511, Crimson Dynamo
1009511, Iron Gentleman
1009511, Metal Man
1009511, Man of Iron
1009511, Tin Man
1009511, Anthony of York
1009511, Space-Knight
1009511, Irene
1009511, Electro
1009511, T
1009146,Agent R-7
1009146, the Ravager of Worlds
1011403,Yu-Ti
1010961,Prowler
1011177,Gil
1011177, Forgotten One
1011177, Hero of Sumer
1011177, Lost Eternal
1011177, Hero
1011177, Dragon-Slayer
1011177, Forgotten Nemesis
1011177, the Beast of Legend (to Deviants)
1011177, (in Portuguese); often mistaken for Hercules
1011177, Samson
1011177, Atlas
1011177, Beowulf
1009710,Wendigo
1009439,Meltdown
1009439, Tabby
1009439,  Tab
1009439, Boomer
1009439, Firecracker
1009439, Time Bomb
1009439, Mutate #35
1009439, Nancy Forrester
1009439, Doctor Madame McSplode
1010786,Jack Murdock
1010786, Red Devil
1009741,Zombie
1010690,Microbe
1009377,Number 9 of the Secret Empire
1009535,Roter Schädel
1009535, Bettman P. Lyles
1009535, the Agent of a Thousand Faces (impersonated )
1009535, The Man (head of the People's Militia)
1009535, Cyrus Fenton
1009535, Teacher
1009535, Tod March (president and owner of Galactic Pictures)
1009535, Dell Rusk
1009535, Captain America
1009535, Supreme One
1009535, several others...
1010677,Count Dracula
1010677, the Devil
1010677, Dr. Vlad
1010677, Dragon
1010677, Justin Drake
1010677, Father Death
1010677, Kaziglu Bey/Impaler Prince
1010677, Vlad the Impaler
1010677, Prince of Darkness
1010677, Vladimir Tepesch
1010677, Satan
1010677, Lord of the Damned
1010677, Lord of the Undead
1010677, Lord of Vampires
1010677, Vlad Tepes (Vlad the Impaler)
1011123,Sam
1011123, Omega
1010942,Amanda Sefton
1010942, Daytripper
1010942, Magik
1009212,Benjamin Poindexter (official name)
1009212, Lester Jangles
1009212, Leonard McClain
1009212, Daredevil
1009212, Punisher
1009278,Doomsday Man
1009519,Puppet Master
1011766,Semihazah
1011766, Duma
1011766, Keriel
1011766, Mastema
1011766, Beliar
1011766, Gadreel
1011766, Beelzebub
1009420,Vagornus Koth
1009420, the Swamp Walker
1009420, Mr. Salad
1009420, Walking Mulch Heap
1009420, K'ad-Mon of the Fallen Stars
1009420, the Man of Lineage
1009420, the Swamp God
1011180,Sprite
1009406,Slobberchops
1009315,Gateway
1011143,Fallen One
1009537,Aleksei Popov
1009537, Macha-Rhino
1009537, Alex O'Hirn
1009173,Ram
1009282,Dr. Strange
1009282, Strange
1009282, Master of the Mystic Arts
1009282, Master of Black Magic
1009282, Stephen Sanders
1009282, Captain Universe
1009282, Vincent Stevens
1009282, Sorcerer Supreme
1009282, Red Rajah
1009282, the Eye
1009282, Black Priest
1009282, Sherlock
1009507,Spider-Man
1009507, Spidey
1011048,John Riverwind
1011099,Think Tank
1011099, Headlok
1011099, Minister of Public Affairs
1009411,The Thinker; Dr. Jose Santini
1009597,Agent 22
1011084,The Knave of Hearts
1010932,Jim Hammond
1010932, Jim Ames
1010932, Firebug
1010932, the Fire Master
1010932, Badge #234001
1010932, Pappy (Toro's nickname for him)
1010932, First of the Marvels
1010932, The Torch
1009367,Daniel Thomas Rand
1009367, Danny Rand
1009367, Living Weapon
1009367, Young Dragon
1009367, Cooper Payton
1009367, Kung Fu Killer
1009367, mistaken for Iron Man; impersonated Daredevil
1009367, Spider-Man
1017438,Araña
1009633,Reverend William Stryker
1009691,Vengeance
1016452,The Decapitator
1016452, Spider-Man
1016452, Dark Spider-Man
1011113,Musketeer
1011113, Bladey
1009303,He Whose Limbs Shatter Mountains and Whose Back Scrapes the Sun (translation)
1011241,Grey Goblin
1011241, Menace
1011241, Menace of Manhattan
1011241, Mock-Goblin
1009488,Impersonated Apocalypse
1010892,Johnny Bart
1010892, Jeb Kent
1010965,Joseph McRooter
1010990,Vulture
1010937,A-39
1010937, Josiah Smith
1010937, Josiah X
1010937, Jo-Jo
1010937, Josiah Bradley
1010937, Minister X
1009641,Swordsman
1011249,Red 9
1009700,Wallow
1010863,2D Avenger
1010830,Steve Valiant
1010830, Richard Stetson
1010830, Ghost Rider 1945
1009600,Skullbuster
1010713,El Araña
1009197,Blink
1011432,Enchantress
1011058,Kylun
1012513,Gargoyle
1011413,Iron Fist; Changming
1009606,Anne McKenzie
1009606, Anne McKenzie-Thompson
1011060,Nu-Xandar
1010725,Makarri
1010725, Jake Curtiss
1010725, Adam Clayton
1010725, Hurricane
1010725, Harry Kane
1010725, Thoth
1010725, Mike Karhy
1010725, Mac Curry
1010725, Mercury
1010725, Major Mercury
1010725, Mark Curry
1010725, Frank Harper
1010725, Mistaken for the god Hermes / Mercury
1009339,Harry Heck
1011424,Madeline Joyce (maiden name)
1009225,Captain Stacy
1009357,Hayseed
1009667,Thunderbird
1009534,b'\xd0\x98\xd0\xb2\xd0\xb0\xd0\xbd \xd0\x9a\xd1\x80\xd0\xb0\xd0\xb3\xd0\xbe\xd0\xb2 (Real name in Russian)'
1009154,The Living Death That Walks
1009154, Lord of the Negative Zone
1009338,Ronin
1009338, Goliath
1009338, the Marksman
1009338, Father Time
1009338, Constrictor
1009338, Dreadknight
1009338, Captain America
1009338, Seagate Superhuman Cellblock Prisoner 334556
1009338, Longbow
1009338, Mr. Costello
1009338, Dr. Rogers
1009338, Bruno
1009338, Louis
1009338, Br‘er Hawkeye
1009338, Robin Hood
1009338, Purple Man
1009338, the Hawkeye Kid
1009223,Britain
1009223, Britanic
1009223, Black Bishop
1009223, Jungle Man
1009223, King of Otherworld
1011134,Micro
1011134, Microman
1011134, Cringe
1011134, Lowell
1011134, Bartholomew Ori
1011134, Sr. Fat Boy
1009562,Wanda Django Maximoff
1009562, Ana Maximoff
1009562, Gypsy Witch
1009562, Witch
1009713,Deborah
1009713, Deb
1009713, Debby
1009713, Debbie
1009713, Debso
1009201,Blok
1010841,The Weapon Master
1010841, Supreme Hunter
1011322,Ivan Druig
1011397,Harold Simmons
1010722,Human Robot
1009470,Guts Nelson
1010843,Ample Amazon
1010855,Deadpool
1010855, Square Jaw
1010855, impersonated Bullseye
1009490,May
1009490, May Reilly
1009490, May Parker
1009490, May Fitzgerald
1009490, Golden Oldie
1009490, May Morgan
1011230,Scrambler
1011398,Romulus
1009549,Roulette
1011399,Goblin Princess
1011399, Tapestry
1010736,King Cobra; AZ-1260
1009548,Red She-Hulk
1009548, Harpy
1009548, Mr. Blue
1009548, She-Hulk
1009548, Agent S3
1009548, Betsy Danner
1009573,Karma (Xi'an Coy Minh)
1009573, Cypher (Douglas Ramsey)
1009573, Jacob Reisz
1009573, Ananasi
1009573, Amahl Farouk
1010846,Lady of All Sorrows
1010872,Vector
1010905,The Hand of Death
1010905, Mystery
1009551,Ivan
1010865,Puff Adder
1009280,Dread One
1009280, The Black One
1009280, Eater of Souls
1009280, Lord of Darkness
1009280, Lord of Chaos
1009280, Lord of the Dark Dimension
1009280, Mormammu
1009306,Angel
1009306, Anj
1009306, Lady Comet
1009306, Firefly
1009306, Red
1010445,Starstreak
1010445, Counterweight
1009452,Jake Lockley
1009452, Steven Grant
1009452, Yitzak Topol
1009452, Fist of Khonshu
1009452, Crescent Crusader
1009452, Moony
1009452, Crescent Wrench
1009452, Lunar Legionnaire
1009452, Sheet Face
1009452, Spider-Man
1009452, Bullseye
1009452, Mister Knight
1009220,Captain America
1009220, Winghead
1009220, Shield-Slinger
1009220, Sentinel of Liberty
1009220, the Living Legend
1009220, Star-Spangled Avenger
1009220, Sky King
1009220, Nomad
1009220, the Captain
1009220, Buck Jones
1009220, Flag-Face
1009220, Roger Stevens
1009220, Yeoman America
1009220, Crossbones
1009220, Expatriate
1009220, Brett Hendrick
1009220, Stevie
1009220, Nathan Hale
1009220, Anthony Schwarz
1009220, Roger Grant
1009220, Mister Avenger
1009220, the Man Without a Country
1009220, Man Out of Time
1009220, Striped Crusader
1009220, Lord of the Frozen Ice
1009220, Blondie
1009220, Granny
1009220, the Brooklyn Project
1009220, Weapon I
1009220, Super-Soldier
1009220, World's Top Cop
1009220, Rembrandt
1009220, Eagle
1009220, Subject 223
1009220, Spider-King
1009220, Cap-Wolf
1009220, Nova
1009220, Kapitan Amerika
1009205,Meltdown
1009205, Tabby
1009205,  Tab
1009205, Boomer
1009205, Firecracker
1009205, Time Bomb
1009205, Mutate #35
1009205, Nancy Forrester
1009205, Doctor Madame McSplode
1009723,FBI guy
1009723, X
1011404,Jeryn Hogarth
1011037,Deathcry
1009398,Red Leader
1009255,Ixchel
1009255, Elementelle
1010893,Mr. Jones
1010893, Johnny Colt
1010893, Kid Arbuckle
1009513,Belmont
1009513, Gene
1011407,Contessa Vera Vidal
1011068,Penance
1010816,Hate-Monger
1010816, Der Führer
1010816, The Führer
1009663,Eddie
1009663, Sister Edwina
1009663, Ed
1009663, Edwin Brock
1009663, Venom
1009663, Lethal Protector
1009663, 998th
1009663, Anti-Venom
1009663, White Venom
1009524,Magnusson
1009524, Pietro Frank
1010752,K
1010752, Kar
1010752, 'Lina
1010752, LSD
1010752, Tinkerbell
1010691,Mol
1010691, Princess Powerful
1010691, Bruiser
1010691, Shortround
1014976,Lady Vermin
1011235,Dog
1011235, War Dog
1011052,Cardiac
1011061,Adam Quadmon
1011371,Secretary Gyrich
1011371, Carrot Top (code-name by US military)
1011371, Bad News Pete
1011371, Hank (by Wolverine)
1011371, Petey (by Beast)
1011371, H. P. G. (his initials
1011371, used by Peter Parker) 
1011119,Bob
1011119, agent of Hydra
1011119, Bob
1011119, agent of A.I.M.
1010797,Nitro
1009281,Doctor Doom
1009281, Doom
1009281, The Master
1009281, Invincible Man
1009281, Vincent Vaughn
1009281, Hans
1009281, Rabum Alal
1009281, The Great Destroyer
1009281, The Damned
1009281, Destroyer of Worlds
1009281, Doom the Destroyer
1009281, God Emperor Doom
1009281, has also inhabited the bodies of Daredevil
1009281, Norman McArthur
1010769,Robert Johnson
1009324,Gorgon
1009465,Jean Grey
1009465, Charles Xavier
1009465, Foxx
1009465, Carol Danvers
1009465, Mr. Raven
1009465, Leni Zauber
1009465, Amichai Benvenisti
1009465, Valerie Cooper
1009465, Mallory Brickman
1009465, B. Byron Biggs
1009465, Ronnie Lake
1009465, Holt Adler
1009465, Surge
1009465, Jakob Eisen
1009465, Raven Wagner
1009465, Victor Creed
1009465, Wolverine
1009465, Rogue
1009465, Mr. Sinister
1009465, Apocalypse
1009465, Dazzler
1009465, Agent Blaire
1009465, #001034
1009465, many others
1011246,Hypno-Hustler
1009156,Eternal One
1009156, High Lord
1009156, Eternal Pharaoh
1009156, Set
1009156, Huitzilopochtli
1009156, Sauru
1009156, Kali-Ma
1009156, The First One
1009156, The Savior
1009156, The Eighth Apocalypse
1009156, Conquest
1009156, The First Mutant
1009156, Death
1009195,Living Bomb-Burst
1009195, King Blastaat
1011232,Milo
1011232, Hybrid
1009577,Master of Kung Fu; Rising and Advancing of the Spirit; Chinaman (by Jack Tarr)
1009538,Rhodey
1009538, Jim Rhodes
1009538, Commander Rhodes
1009538, The Pilot
1009538, Hulk Machine
1009538, Electro
1009538, Iron Man
1009538, Iron Man 2.0
1009538, Iron Patriot
1010996,Yellowjacket
1010845,Tiger
1011073,Executioner
1011248,Mistaken for Patchwork
1010956,Frances Hyatt
1010956, Human Torch
1015036,Chasehawk
1015036, Darkhawk
1015036, Talkback
1015036, Neo
1015036, pumpkin eyes
1009399,Jack Wayne
1009399, Cyndi
1009399, Jemail Karami
1009399, Daniel Lucas Haller
1009399, Daniel Haller
1009399, Rodney
1009399, Ian
1009399, Lucas
1009399, Fanya
1009399, Boris
1009399, Zachary
1009399, Sylvester
1009399, God-Mutant
1009457,Hound
1009457, Phoenix
1009457, Baby Phoenix
1009457, Young Phoenix
1009457, Red
1009457, Executioner
1009457, Starchild
1009457, Aly'zrn Summerset
1009457, Bright Lady
1010828,Stinger
1009462,The Best There Is
1010925,Danny Ketch
1010925, Dan Ketch
1010925, Ghostie
1010925, the Riding Ghost
1010925, Spirit of Vengeance
1011422,Adrienne Hatros
1009662,Angrir
1009662, Bashful Benjy
1009662, Uncle Benjy
1009662, The Ever-Lovin' Blue-Eyed Thing
1009662, Grim Ben
1009662, Dr. Josiah Verpoorteen
1009662, Blackbeard the Pirate
1009662, El Morrito
1009662, Benjamin J. Grimm
1009662, Ben Grimm
1009662, Count Crag
1009662, Rocky Grimm
1009662, Benny
1009662, Uncle Ben
1011376,'Berto
1011376, The Lopez Kid
1011376, T-Rex Boy
1011376, Dinosaur Jr.
1009464,Nicholas Macabes
1009464, Rudolph Hines
1009464, Gerdes
1009464, Doctor Ludwig Rinehart
1010767,Alex
1011019,Molecule Man
1011183,Father Zuras
1011183, Prime Eternal
1009515,Franken-Castle
1009515, Frank Rook
1009515, Charles Fort
1009515, Francias Stronghold
1009515, Johnny Tower
1009515, Big Nothing
1009515, Mr. Smith
1009515, James Maxwell
1009515, Captain America
1009515, Frank Tower
1009149,Abyss
1009447,Nathan Milbury
1009447, Michael Milbury
1009447, Arnold Bocklin
1009447, Dr. Robert Windsor
1009447, Nate
1009447, Pale Man
1009447, Nosferatu
1009447, White Devil
1009447, impersonated Senator Steven Shaffran
1009447, Edmund Atkinson
1009447, Apocalypse
1009447, Ted Sinister/Theodore J. Sinister/Teddy/Streamer-Caped
1009447, Diamond-Faced
1009447, Cyber-Vampire-Looking Weirdo/Señor Sinestro/Jimmy Sinister (by Spider-Man)
1011184,Strel
1011086,Nemesis
1009628,Deadpool
1010349,Nighthawk
1010361,Meteorite
1010361, Kate Sorenson
1010361, Ms. Marvel
1011228,Outlaw
1011228, Masked Avenger of the West
1009561,Dr. Lykos
1009561, Rodan (by Jubilee)
1011256,Gladiator
1011014,Mastermind
1016838,Puny Parker
1016838, Petey
1016838, Midtown High's Only Professional Wallflower
1016838, Tiger
1016838, Spidey
1016838, Webhead
1016838, Web-Slinger
1016838, Wall crawler
1016838, Amazing Bag-Man
1016838, Bombastic Bag-Man
1016838, Captain Universe
1016838, Champion of Life
1016838, Ricochet
1016838, Hornet
1016838, Dusk
1016838, Prodigy
1016838, Black Marvel
1016838, Daredevil
1016838, Green Hood
1016838, Mad Dog 336
1016838, Scarlet Spider
1016838, Iron Spider
1016838, Spider-Hulk
1016838, Spider-Lizard
1016838, Spider-Morphosis
1016838, Spider-Phoenix
1016838, Man-Spider
1016838, Silver Spider
1016838, Amazing Spider
1016838, Spider
1016838, Amazing Spider-Man
1016838, Web Spinner
1016838, Web Crawler
1016838, Friendly Neighborhood Spider-Man
1016838, Doctor Octopus
1016838, Friendly Neighborhood Doc Ock
1016838, Superior Spider-Man
1016838, Wolverine
1016838, Punisher
1016838, Ben Reilly
1016838, Masked Marvel
1016838, Spider-X-Man
1016838, Professor S
1016838, Challenger
1016838, 'Pidey
1016838, Mr. Cartwright
1016838, Mr. Jameson
1016838, Mr. Simmons
1016838, Spider-Boy
1016838, Peter Palmer
1011036,Ba'ka Mumiya
1010343,Cannonball
1010343, Great Gambino 
1009504,Prisoner M-13
1009504, Onslaught
1009504, Charley
1009504, Chuck
1009504, Charlie
1009504, The Good Shepherd
1009504, Bald Phoenix
1011029,Kulan Venom 
1009405,Frumious Bandersnatch
1009169,Supreme Hydra
1009169, Agent Bronson
1009169, Colonel F.T. Strang
1009169, Don Antonio Caballero
1009169, Emir-Ali-Bey
1009169, Sagittarius
1009673,The Terrible Toad-King
1009673, impersonated the Stranger
1009673, Mort
1011026,Celestial Madonna
1011026, Willow
1011026, Lorelei
1011026, Mandy Celestine
1011026, This One (in referring to herself)
1010348,Whirly
1010348, Human Top
1010348, Charles Matthews
1009738,High Priestess of the Sun god
1009738, Polaris
1011335,Special Agent Hill
1010674,The Executioner
1010674, Ms. Cynical
1011220,Barbara Morse Barton
1011220, Roberta Morse
1011220, Agent 19
1011220, Huntress
1011220, Shooting Star
1011220, Morgan
1011220, Mrs. Hawkeye
1011220, Bobbi-Bird
1011220, Daughter of Darkness
1011220, Bobbi Van Dyne
1011220, S.H.I.E.L.D. Operative 9317
1011344,Jennifer Walters
1011405,Lucky Pierre
1011405, L.P.
1011415,Fly
1011415, Ricky
1011415, Rick
1009505,name sometimes misspelled MacTaggart
1009505, Mutant X
1010717,Debrii
1009473,Edvard Haberdash
1010773,Julia Carpenter
1010773, Spider-Woman
1010773, Arachne
1010773, Considered using Ariadne
1009413,Jamie
1009413, John Maddox
1009413, Demon Madrox
1009413, Madrox Prime
1009413, Prime Madrox
1009413, He-Whose-Bodies-Are-As-Many-As-The-Leaves-On-A-Tree
1009413, Legion
1009413, Maddy
1009413, Schizoid Man
1009413, Multitask
1009485,Orphan
1009717,Grimfang
1009717, Mutate #490
1009717, Princess/Queen Rain of Gesham
1011053,Malcolm Stromberg
1011053, Anomaly
1011053, the Unlikely
1016837,Puny Parker
1016837, Petey
1016837, Midtown High's Only Professional Wallflower
1016837, Tiger
1016837, Spidey
1016837, Webhead
1016837, Web-Slinger
1016837, Wall crawler
1016837, Amazing Bag-Man
1016837, Bombastic Bag-Man
1016837, Captain Universe
1016837, Champion of Life
1016837, Ricochet
1016837, Hornet
1016837, Dusk
1016837, Prodigy
1016837, Black Marvel
1016837, Daredevil
1016837, Green Hood
1016837, Mad Dog 336
1016837, Scarlet Spider
1016837, Iron Spider
1016837, Spider-Hulk
1016837, Spider-Lizard
1016837, Spider-Morphosis
1016837, Spider-Phoenix
1016837, Man-Spider
1016837, Silver Spider
1016837, Amazing Spider
1016837, Spider
1016837, Amazing Spider-Man
1016837, Web Spinner
1016837, Web Crawler
1016837, Friendly Neighborhood Spider-Man
1016837, Doctor Octopus
1016837, Friendly Neighborhood Doc Ock
1016837, Superior Spider-Man
1016837, Wolverine
1016837, Punisher
1016837, Ben Reilly
1016837, Masked Marvel
1016837, Spider-X-Man
1016837, Professor S
1016837, Challenger
1016837, 'Pidey
1016837, Mr. Cartwright
1016837, Mr. Jameson
1016837, Mr. Simmons
1016837, Spider-Boy
1016837, Peter Palmer
1009180,Beta Ray Thor
1009180, Simon Walters
1010881,Mark Scarlotti
1010881, Blacklash
1010881, Mark Scott
1011032,Whizzer
1009387,Quentin Quire
1009387, White King
1011158,Spirit
1009596,Banshee
1009596, Siryn
1009596, Terry
1009596, Sy
1009596, Theresa Rourke
1009596, Tracy Cassidy
1009647,Tarot
1015007,Communicator
1015007, Golden God
1015007, Dreamer
1015007, Apostate
1015007, Black Celestial
1015007, Golden One
1015007, Sleeping Celestial
1015007, Great Renegade
1009375,Joan the Mouse
1010844,Ironclad
1010726,M.O.D.O.C. (Mental Organism Designed Only for Computing)
1010726, M.O.D.O.K. (Mental Organism Designed Only for Killing)
1009262,Matt Murdock
1009262, Jack Batlin
1009262, Kingpin
1009262, Kingpin of Crime
1009262, Laurent LeVasseur
1009262, Scarlet Swashbuckler
1009262, Nameless One
1009262, Kingpin of Hell's Kitchen
1009262, the Man Without Fear
1009262, the Guardian Devil
1009262, DD
1009262, Red Man
1009262, Hornhead
1009262, Red
1009262, formerly Captain Universe
1009262, Scarlet Avenger
1009262, Mike Murdock
1009262, Michael Mike Murdock
1009262, Death's Head
1009262, Jester
1009262, Thor
1009262, Frog-Man
1009262, Ikari
1009262, Shades
1009262, the Devil 
1010837,Owayadata
1010344,Ronan the Free
1010344, Ronan the Accused
1009636,Famine
1009636, Taiyo Kaji
1009636, Japan's Ichiban (number one) Son
1009313,Le Diable Blanc
1009313, Robert Lord
1009313, Dirge
1009313, Death
1009313, Gumbo
1009313, Cajun
1009313, Swamp Rat; Clint Barton
1009313, Gamby Baby 
1010906,Helmy
1010906, CV
1010906, Baron
1010906, Phoenix
1010906, Citizen V
1010906, Iron Cross
1010906, Mark Evanier
1011257,Grey Goblin
1011257, Menace
1011257, Menace of Manhattan
1011257, Mock-Goblin
1010833,Speedy
1010833, Tommy Maximoff
1011199,Zeke
1009351,World Breaker
1009351, Captain Universe
1009351, Professor
1009351, War
1009351, Joe Fixit
1009351, Mr. Fixit
1009351, Green Goliath
1009351, Jade Giant
1009351, Jade Jaws
1009351, Annihilator
1009351, Mr. Green
1009351, Green King
1009351, Green Scar
1009351, Holku
1009351, Sakaarson
1009351, Green One
1009351, Eye of Rage
1009351, Harkanon
1009351, Haarg
1009351, Once-Savage
1009351, Two-Minds
1009351, Two-Hands
1009351, Greenskin
1009351, Gray Goliath
1009351, Mighty Bob
1009351, Mechano
1009351, Anti-Hulk
1009351, Friday
1009351, Green Golem
1009351, Golem
1009351, Gray Hulk
1009351, Merged Hulk
1009351, Ol' Green skin
1009351, Eye of Anger
1009351, Terran Behemoth
1009351, La Mole (The Mass)
1009351, Bruce Barnes
1009351, Bruce Smith
1009351, Glenn Summers
1009351, Ross Oppenheimer
1009351, Bob Danner
1009351, Bruce Ross
1009351, Bruce Jones
1009351, Bruce Roberts
1009351, Mr. Bergen
1009351, Bruce Franklin
1009351, Bruce Green
1009351, Bruce Bancroft
1009351, Bruce Baxter
1009351, Bruce Davidson
1009351, David Bannon
1009351, Robert Baker
1009351, Bruce Bixby
1009351, David Banner
1009351, David Bixby
1009351, Kluh
1009351, Joseph Brown
1009351, and numerous other aliases
1009566,Strike Agent Four
1010818,Reptilla
1009502,Pretty Boy
1011356,Actor
1011356, Golden Gladiator
1011356, Bullet-Head
1011356, Golden Avenger
1011356, Shellhead
1011356, Armored Avenger
1011356, Tetsujin
1011356, Hogan Potts
1011356, Randall Pierce
1011356, Spare Parts Man
1011356, Cobalt Man
1011356, Crimson Dynamo
1011356, Iron Gentleman
1011356, Metal Man
1011356, Man of Iron
1011356, Tin Man
1011356, Anthony of York
1011356, Space-Knight
1011356, Irene
1011356, Electro
1011356, T
1010766,Jack
1009383,Weapon X
1009301,Jean-Phillipe
1009301, Weapon XIII
1009301, Jean-Phillipe Charles
1009301,  Uncle Cluster
1009301, Man made of Mirrors
1009301, Le Fantomex (by himself)
1009301, Fanto
1009301, Mex (by E.V.A.)
1011301,Anole
1009484,Sybil
1009174,Blackwing
1009174, Beak
1009174, Exile-Casualty-Six
1011055,Gideon
1009560,Dr L
1009560, Walt
1009560, Box
1009560, Wanda Langkowski
1009404,Doctor Curt Connors
1009241,Demon of Darkness
1009241, Dagger
1011289,Killmonger
1009270,War
1009270, Empress Deathbird
1009270, Al'Svee Neramani
1009270, D 
1010898,Skadi
1010898, Mother Superior
1010898, Sister Sin
1010898, Erica Holstein
1010898, Red Skull
1011094,Prince Xavin
1011094, Xav
1011094, Captain Jumpsuit
1011094, Mr. Less-Than-Fantastic
1011094, Nico Minoru
1011094, Gender-Bender
1010737,Wraith
1010737, Kestrel
1010737, Expediter
1010737, Halcon
1010737, Ray Johnson
1010737, Carlisle
1009565,Scourge
1009565, Weapon VII
1009676,Larry
1009676, Son of Carnage
1009676, 1000th
1011012,Armadillo
1009271,Irené Adler
1009271, Madame Destiny
1009271, Crone
1011357,Paige Angel
1010805,Aaron Stack
1010805, Sir MacHinery
1010805, Machine Sentinel
1010805, Mister Machine
1010805, X-51
1011298,Armor
1009512,Elisabeth Braddock (misspelling)
1009512, Betts
1009512, Bets
1009512, Kwannon
1009512, Lady Mandarin
1009512, Captain Britain
1009512, Death
1009228,Irma Kruhl (the Most Dangerous Spy in the World)
1009228, Fraulein Rogers
1009526,R Man
1011152,Preak
1009283,Baby (by Ligthspeed and Energizer)
1009283, Dragon
1010711,Saint Nick
1010711, Kris Kringle
1010711, Nick St. Christopher
1010711, allegedly Father Christmas
1010711, Klaus
1010711, Mikulas
1010711, Nicholas of Myra
1010711, Nicholas of Bari
1010711, Baba Chaghaloo
1010711, Baba Noel
1010711, Badadimri
1010711, Babbo Natale
1010711, Daidaín na Nollaig
1010711, Daidí na Nollaig
1010711, Deda Mraz
1010711, Dyado Koleda
1010711, Gaghant Baba
1010711, Julemanden
1010711, Julenissen
1010711, Jultomten
1010711, Kaledu Senelis
1010711, Mos Craciun
1010711, Nicolaas
1010711, Nicholas
1010711, Niklas
1010711, Nikolaus
1010711, Noel Baba
1010711, Pai Natal
1010711, Papá Noel
1010711, Papai Noel
1010711, le Père Noël
1010711, San Niklaw
1010711, Vader Kersfees
1010711, Viejo Pascuero
1017078,Darth Nova
1017078, Alexander-the-not-so-great
1017078, Bilbo
1017078, Samuel Alejandro
1017078, Black Nova
1017078, Human Rocket
1017078, Kid Nova
1017078, Xandarian Pawn
1010869,Masked Marvel
1010947,Brian Johnson
1011035,Queen of Hell
1011035, The Devil's Daughter
1011035, Judith Chambers
1011035, Judy Hielstrom
1009258,Lady Light
1009258, Cloak
1009589,Zora del Plata
1009589, Fox
1010783,Kat Farrell
1009366,Susan Storm
1009366, Invisible Girl
1009366, Malice
1009366, Baroness von Doom
1009366, Captain Universe
1009345,Hitman
1009184,Celestial Messiah
1009184, Celestial Redeemer
1009184, Midnight King
1009267,Agent Blaire
1009267, Disco Dazzler
1009267, Songbird
1009267, Lightengale
1009267, Skippy
1009267, Dolores Rudolph
1009267, Alison Brown
1009267, Sandy Blossom
1009267, Dazz
1011087,Dead Girl
1011208,Apollo
1011208, Tony Stark
1009186,Black Knight
1009671,Patricia Burton
1009721,Wraith
1009721, Kestrel
1009721, Expediter
1009721, Halcon
1009721, Ray Johnson
1009721, Carlisle
1011244,Martin Li
1011275,Samantha Hasard
1009230,Sharon Smith
1009284,Libra
1011056,Jamie
1011056, John Maddox
1011056, Demon Madrox
1011056, Madrox Prime
1011056, Prime Madrox
1011056, He-Whose-Bodies-Are-As-Many-As-The-Leaves-On-A-Tree
1011056, Legion
1011056, Maddy
1011056, Schizoid Man
1011056, Multitask
1009629,Ororo Iqadi T'Challa (Former married name)
1009629, Queen Ororo
1009629, Ororo Komo Wakandas (Former Wakandan title)
1009629, 'Ro
1009629, Beautiful Windrider
1009629, Mutate #020
1009629, White King
1009629, (also as S.W.O.R.D. code name)
1009629, La Reine Storm (French title)
1009629, Windrider
1009629, Goddess
1009629, Mistress of the Elements
1009629, Princess of N'Dare
1009629, High Priestess
1009360,Morrie
1011042,Tag
1010864,La Garra Argentado
1010864, Daughter of the Volcano God
1010864, Lupe
1009711,Mark Scarlotti
1009711, Blacklash
1009711, Mark Scott
1009416,Allison Crestmere
1010859,Black Crow
1011165,Hound
1011165, Hellhound
1011165, Death
1011165, Pestilence
1010372,Warhawk
1010365,Nebula
1009621,Bolt
1009480,All-Father
1009480, Val-Father
1009480, the All-God
1009480, Atum-Re
1009480, Infinity
1009480, Woden
1009480, Wotan
1009480, Wulf the Wanderer
1009480, the Wild Huntsman
1009480, Orrin
1009480, Farma-god
1009480, Hanga-god
1009480, Hapta-god
1009480, Harbard
1009480, One-Eye
1009480, Sigtyr
1009480, Wad
1009480, Odin the Usurper
1009480, Usurper
1009480, Destroyer
1009202,Rainbow
1009308,Forearm
1009252,Bingo
1009252, Bing
1009252, Frag
1009252, Mr Bones
1011392,Jennifer Jameson
1011392, Jennifer Smith
1011392, Jade Giantess
1011392, Nurse Jennifer Emerald
1011392, Glamazonia
1011392, Shulkie
1011392, She-Xemnu
1011392, Lady Hulk
1009217,Cally
1010693,Mel
1010693, Screaming Mimi
1010693, Mimi Schwartz
1010693, Margie Green
1009680,Des
1009680, Dr. Tyrone
1009680, Abomination
1009655,Angel
1009655, Gabriel 
1009655, Apocalypse
1009655, Dark Angel of Death
1009655, Death
1009655, Savior of the Chosen
1009543,Riptide
1009506,Thunderbird
1010356,Demon Huntress
1010356, Dark Huntress
1010356, Lady Selene
1010356, Moon Goddess
1010356, Daughter of the Moon
1010356, Mistress of the Fire
1010356, Black Priestess
1010356, Dark Priestess
1009637,Menace
1009637, Madam Menace
1009637, Armorer of the Underworld; Queen of the International Jet-Setters
1009322,Red Queen
1009322, Black Queen
1010889,Steel Phoenix
1010889, Iron Fist
1009337,Magistrate Summers
1009337, Goblin Prince
1009337, Alex Blanding
1010744,Sharpshooting Space Racoon
1010744, Rocky Raccoon
1010744, Ranger Rocket
1010744, Rocky
1010744, Venom
1009293,Eric the Red
1009417,Magnus
1009417, Erik Magnus Lehnsherr
1009417, Prisoner Auschwitz I.D. #24005 (retcon from; #214782)
1009417, Michael Xavier
1009417, the Creator
1009417, Erik the Red
1009417, Red
1009417, White King
1009417, Grey King
1009417, White Pilgrim
1009417, Master of Magnetism
1009417, Mr. Sullivan
1011234,Prince of Orphans
1011234, Green Mist
1011234, Amazing Man
1010827,Armory
1009585,Shocker
1010951,Nicholas Macabes
1010951, Rudolph Hines
1010951, Gerdes
1010951, Doctor Ludwig Rinehart
1011386,Shan
1009245,Frank Schlichting
1009451,Madame MacEvil
1009451, H. D. Steckley
1009451, The Psychic Avenger
1009616,Spot
1010682,Maya Corday
1010820,Asgard Lass
1010820, Thor Girl
1010820, the Destroyer
1010820, Hammerette
1010820, Hammer Girl
1010820, Hammer Lass
1010820, Tara Olson
1010820, Spirit of the Jewel
1010820, the Supreme
1010820, Thoreta
1010820, Thorita
1010820, Thor Lass
1009188,Barrington
1009569,Bob
1011251,Counterweight
1011251, Energizer
1011251, Destroyer
1009309,Maker
1011017,Suzi
1009206,Omega
1009277,Dom
1009277, Samantha Wu
1009277, Tamara Winter
1009277, Elena Vladescu
1009277, Jessica Marie Costello
1009277, Luisa Mendoza
1009277, Beatrice
1009277, Christina Elizabeth Alioso
1009277, Priscilla Sutherland
1009277, Hope Eldridge
1009277, Olivia Blomquist
1009249,Stox
1009249, the Dream Maker
1009249, Kingpin
1009249, Kingpin of L.A.
1009249, the Dream Master
1011066,Vic
1011066, Junior
1011066, Kid Ultron
1011066, Victron
1011066, Small Wonder
1011066, dorkbot
1011066, 
1009554,Slasher
1009554, El Tigre
1009554, Der Schlächter (The Butcher in German)
1009554, Mr. Silver
1009554, God of the Hunt
1009554, Murder Lord of the Eastern Hemisphere
1009554, The Daimsho Butcher
1011327,Maki Matsumoto
1011161,Talos the Untamed
1011161, Talos the Tamed
1011161, Jonathan Richards
1010985,Destroyer
1010985, Mighty Destroyer
1011314,Danny
1011314, Daniel Vincent
1011314, Danny Vincente
1011077,Ike Harris
1011077, Prime Eternal
1011062,Beyonder
1009620,Iron Man
1010873,Actor
1010873, Golden Gladiator
1010873, Bullet-Head
1010873, Golden Avenger
1010873, Shellhead
1010873, Armored Avenger
1010873, Tetsujin
1010873, Hogan Potts
1010873, Randall Pierce
1010873, Spare Parts Man
1010873, Cobalt Man
1010873, Crimson Dynamo
1010873, Iron Gentleman
1010873, Metal Man
1010873, Man of Iron
1010873, Tin Man
1010873, Anthony of York
1010873, Space-Knight
1010873, Irene
1010873, Electro
1010873, T
1009178,Beef
1010705,Pulsar
1010705, Captain Marvel
1010705, Lady-of-Light
1010705, Daystar
1010705, Photon
1010705, Sceptre
1010705, Monica Marvel
1010705, impersonated Gideon Mace
1010705, Blue Streak
1010367,Madame Masque
1009381,Jubes
1009578,Shanna O'Hara Plunder; Shanna Plunder
1010791,Imperius Rex
1010791, Dr. G.W. Falton
1010791, Sub-Mariner
1010791, Subby
1010791, Namor the First
1010791, Avenging Son
1010791, Old Man
1010791, Rex
1010791, Joe Pierre
1010791, Lord of the Seven Seas
1010791, the Scion of the Deep
1010791, Phoenix
1009610,Puny Parker
1009610, Petey
1009610, Midtown High's Only Professional Wallflower
1009610, Tiger
1009610, Spidey
1009610, Webhead
1009610, Web-Slinger
1009610, Wall crawler
1009610, Amazing Bag-Man
1009610, Bombastic Bag-Man
1009610, Captain Universe
1009610, Champion of Life
1009610, Ricochet
1009610, Hornet
1009610, Dusk
1009610, Prodigy
1009610, Black Marvel
1009610, Daredevil
1009610, Green Hood
1009610, Mad Dog 336
1009610, Scarlet Spider
1009610, Iron Spider
1009610, Spider-Hulk
1009610, Spider-Lizard
1009610, Spider-Morphosis
1009610, Spider-Phoenix
1009610, Man-Spider
1009610, Silver Spider
1009610, Amazing Spider
1009610, Spider
1009610, Amazing Spider-Man
1009610, Web Spinner
1009610, Web Crawler
1009610, Friendly Neighborhood Spider-Man
1009610, Doctor Octopus
1009610, Friendly Neighborhood Doc Ock
1009610, Superior Spider-Man
1009610, Wolverine
1009610, Punisher
1009610, Ben Reilly
1009610, Masked Marvel
1009610, Spider-X-Man
1009610, Professor S
1009610, Challenger
1009610, 'Pidey
1009610, Mr. Cartwright
1009610, Mr. Jameson
1009610, Mr. Simmons
1009610, Spider-Boy
1009610, Peter Palmer
1011033,Joystick
1011070,Terraterton
1009215,Mark Lucas
1009215, Hero for Hire
1009215, Ace of Spades
1009215, The Power Man
1009215, Power Man
1009215, Power Fist
1009215, Cage
1009215, Black Avenger
1012295,Noir
1009373,Jetstream
1009216,Hound
1009216, Hellhound
1009216, Death
1009216, Pestilence
1009291,Mr. Roache
1009291, Worm
1009392,La Nuit
1010760,Marvel Boy
1010760, Manglin' John Mahoney
1010760, Astounding Astrovik
1010760, Superhuman Penitentiary Prisoner 344678
1010760, Super Tights
1011040,Dinah Soar
1011394,Shiver Man
1009493,Penance
1009493, Masked Marvel
1009493, Bob Turner
1009358,Hussar
1009522,Pyro
1009296,Expediter
1009421,Tem Borjigin
1009421, Gene Kahn
1009421, Master Khan
1009421, Zhang Tong
1009421, Mandy
1011282,Waston
1011348,Johnny
1009318,Johnny Blaze
1009318, John Blaze
1009318, JB
1009318, Brimstone Biker
1009318, Frank Ryder
1009402,Majestrix
1009402, Lux Gloriana of the Shi'ar
1010351,Patsy
1010351, Patricia Baxter
1010351, Patricia Hellstrom
1010866,Water Wizard
1009390,Klaw
1010749,Arsenic
1010749, muffin lips
1010798,Captain America
1010798, Winghead
1010798, Shield-Slinger
1010798, Sentinel of Liberty
1010798, the Living Legend
1010798, Star-Spangled Avenger
1010798, Sky King
1010798, Nomad
1010798, the Captain
1010798, Buck Jones
1010798, Flag-Face
1010798, Roger Stevens
1010798, Yeoman America
1010798, Crossbones
1010798, Expatriate
1010798, Brett Hendrick
1010798, Stevie
1010798, Nathan Hale
1010798, Anthony Schwarz
1010798, Roger Grant
1010798, Mister Avenger
1010798, the Man Without a Country
1010798, Man Out of Time
1010798, Striped Crusader
1010798, Lord of the Frozen Ice
1010798, Blondie
1010798, Granny
1010798, the Brooklyn Project
1010798, Weapon I
1010798, Super-Soldier
1010798, World's Top Cop
1010798, Rembrandt
1010798, Eagle
1010798, Subject 223
1010798, Spider-King
1010798, Cap-Wolf
1010798, Nova
1010798, Kapitan Amerika
1009459,Universal Builder
1009459, Stretch
1009459, Big Brain
1009459, Reed Benjamin
1009459, The Man in the Mystery Mask
1009459, The Invincible Man
1009459, Doctor Doom
1009459, Dr. Reed Richards
1009640,Switch
1010345,Circe
1010345, Sersy
1010345, Serse
1010345, Sylvia Sersi
1010345, Mesmer
1009190,Black King
1009190, Voice
1011186,Leo
1009423,Manta
1010884,Wrecker
1011162,Tenebrous of the Darkness Between
1009461,Mr. Payback
1010794,Jess Drew
1010794, Jessie Drew
1010794, Hunter
1010794, Mistress of the Black Blade
1010794, Dark Angel
1010794, Childe of the Darkhold
1010794, Ariadne Dee Hyde
1010794, Web-Lady
1010794, Arachne
1010794, Slaughter
1010794, Red
1010794, Webs
1010794, Webby
1010794, others used in course of investigation; impersonated Sybil Dvorak
1010794, Ms. Drew (Jessica Drew of Earth-001)
1010794, Porcupine (Gocking)
1010794, Erin Dyker
1010794, Enforcer (Delazny)
1010794, others
1009475,Bucky
1009475, Scourge
1010353,Cannibal Killer
1011030,Prodigy
1011038,Loverbug
1011038, Galactic Warrior
1009380,Max Eisenhardt
1009380, Erik Magnus Lehnsherr
1009380, Joey
1009380, Mags 
1009586,Junior
1009696,Warrior White Princess
1009696, Meriem Drew
1009696, Leona Hiss
1009696, Mrs. Smith
1009696, Viper
1009696, Madame Viper
1009401,Lifeguard
1010888,Iron Fist
1009542,Ric
1009542, Joaquin Jake Murrieta
1009542, Mutate #527
1009542, Unit #2347
1010811,Stargod
1010811, Vanwolf
1010811, Skywolf
1010811, Carnage
1011072,The Crimson Cowl
1009364,Impy
1010862,Uncanny Unicorn
1010862, the Mandarin's eleventh ring
1010822,Emo Boy
1011428,MeMe
1011428, White Phoenix
1011428, Mutant Messiah
1011428, Messiah Child
1011428, Phoenix Messiah
1011428, Throat Slicer
1011428, Little Girl
1011428, Little Momma
1011428, Master
1011428, Hellspawn
1009266,Tyomnaya Zvezda (Russian translation of codename); formerly Great Beast (with Vanguard & Ursa Major)
1009555,Tessa
1009555, Lady Tessa
1009555, Diana Fox
1009555, Britannia
1009555, Ambassador Sage
1011375,Leper Queen
1010962,Puck
1009407,God of Mischief
1009407, God of Evil
1009407, Prince of Evil
1009407, the Son of Secrets
1009407, the Maker of Mischief
1009407, the Sly One
1009407, the Lie-Smith
1009407, the Lord of all Liars
1009407, Lie-Smith
1009407, Sly-God
1009407, Shape-Changer
1009407, Wizard of Lies
1009407, Loki Trick-Skin
1009407, Tso Zhung
1009407, Loren Olson
1009407, the Trickster of Asgard
1009407, Ikol
1009407, Serrure
1009407, Gem-Keeper
1009407, Walter Lawson
1009407, Lester
1009407, Tyfon
1009407, Typhon
1009407, Father Williams
1009407, Willie
1009407, As a shape-changer
1009407, Loki has impersonated many individuals (among them the Scarlet Witch
1009407, and things on Asgard and Earth
1009657,Thorton
1009657, Andre
1009458,Mr. Bumpo
1011233,Black Dragon
1011179,Dark Pixie
1011179, Winged Witch
1009471,Doyle
1009471, Man in the Mystery Mask
1009471, Patch
1009471, Gemini
1009471, Sgt. Fury
1009471, Scorpio
1009471, Agent A-1
1009471, Mr. Anger
1009471, Mr. Ollen
1009163,Aurora
1010369,Mutant Zero; Deus X-Man
1010369, Bloody Mary; Mary Menzinis; Crazy Mary; Typhoid; Walker; formerly Lyla; Siryn (impostor); Linda Loman & others in various plays
1010790,Thanasee Rappaccini (birth name)
1009742,The Living Dynamo
1009742, formerly Rozzz
1014982,The Human Mummy
1011362,Quincy McIver
1010879,Doorman
1011176,Tecumotzin
1011176, He Who Speaks to Celestials
1011176, He Who Talks with Celestials
1011176, Ajah Tecumotzin
1011176, Ajax the Greater
1009199,Fredrick
1011117,Roughhouse
1009236,CaseIdent7552L/C
1010852,Clay Harder
1010329,Jane Kincaid
1010329, Goddess of Thunder
1010952,Mysterio
1009532,Pantu Hugares
1009690,Vargas
1009379,Whisperer
1009379, Victor Timely
1009379, Blue Man
1009379, Blue Totem
1009379, King of Kings
1009379, Master of Men
1009379, Master of Time
1009379, Lord of the Seven Suns
1009379, Victor Timely Jr
1009379, Victor Timely III
1010891,Moon Knight
1011365,Actor
1011365, Golden Gladiator
1011365, Bullet-Head
1011365, Golden Avenger
1011365, Shellhead
1011365, Armored Avenger
1011365, Tetsujin
1011365, Hogan Potts
1011365, Randall Pierce
1011365, Spare Parts Man
1011365, Cobalt Man
1011365, Crimson Dynamo
1011365, Iron Gentleman
1011365, Metal Man
1011365, Man of Iron
1011365, Tin Man
1011365, Anthony of York
1011365, Space-Knight
1011365, Irene
1011365, Electro
1011365, T
1010826,Mike
1010826, Captain America Jr.
1009508,Star-Lord
1009508, Lord of Stars
1009508, Space Boy
1009508, Boyo
1009508, Baby Boo
1009508, Steven Swingin' Stevie Rogers
1009508, King Quill
1009582,Black King
1009243,Eternal One
1009243, High Lord
1009243, Eternal Pharaoh
1009243, Set
1009243, Huitzilopochtli
1009243, Sauru
1009243, Kali-Ma
1009243, The First One
1009243, The Savior
1009243, The Eighth Apocalypse
1009243, Conquest
1009243, The First Mutant
1009243, Death
1009389,The Brain Washer
1009389, Harold Howard
1009389, Wilbur
1009389, Fatty
1009389, Stay Puft
1009687,Unus the Untouchable
1010868,Pajaro Del Fuego
1010868, La Espirita
1010868, Firemaiden
1009388,Terry Aaronson
1009571,Void
1009571, Golden Guardian of Good
1009571, John Victor Williams
1009571, Blue Buffon
1009571, Scout
1009571, The Ancient Mariner
1011071,Jason Macendale Jr.
1010675,Humbug
1010895,Thing
1010895, Ms. Marvel
1009172,The Leaper
1009172, Monsieur Lapin
1010352,Kristine Krissy Longfellow
1010352,Big M
1010352, Whitney Frost
1010352, Bethany Cabe
1010352, Giulina Neff
1010887,Bulldozer
1010681,Mercury
1009614,Ricochet Rita
1009614, Agent
1009614, Apocalypse
1009614, The Diva of Downtown Los Angeles
1009679,Tyger
1011146,Infant Terrible
1011146, Elan
1011146, Mister Power
1009362,Bobby Drake
1009362, Rampage (under mental control)
1009362, Drake Roberts
1009362, Mr. Friese
1009362, Frosty (Hippie name
1009362, under mental control)
1009362, Frozen One
1009362, Incredible Ice-Hulk
1009362, Iceface
1011080,Stone Man
1011276,William Take a Chance
1009648,Tasky
1009648, Barney Toastmaster
1009648, Captain America
1009648, Minister of Defense
1009496,Dark Phoenix
1009496, World Destroyer
1009496, Phal'kon
1009496, Void Falcon Chaos Bringer
1009496, White Phoenix of the Crown
1009496, Phoenix
1009496, Black Queen
1009496, Star Child
1009496, Jean Grey
1009496, The-End-Of-All-That-Is
1009496, Firebird 
1009496, the evil
1009496, omnipotent firebird 
1009179,Abe
1009179, Matthew Davis
1009179, Aaron Jeffries
1009179, Beetle
1009179, Mach-I
1009179, Mach-II
1009179, Mach-III
1009179, Mach-IV
1009179, Mach-V
1009576,Talisman
1009576, Doc 
1009273,Esteban Diablo
1009273, Esteban Corazón del Diablo
1009273, Al Bidd
1009675,Tombstone
1009536,Forcefield (S.W.O.R.D. code name)
1009536, (presumably misspelled)
1009536, Doc Reyes
1009536, Doc 
1009536,  'Celia. 
1009536, Mutie doctor 
1009594,Supreme Hydra
1009635,Sumo
1009523,Captain Marvel
1009203,Bloodsport
1010746,the Asian Sensation
1009646,Princess
1010882,O.L.
1010882, Lace
1011288,Jackal
1009368,Actor
1009368, Golden Gladiator
1009368, Bullet-Head
1009368, Golden Avenger
1009368, Shellhead
1009368, Armored Avenger
1009368, Tetsujin
1009368, Hogan Potts
1009368, Randall Pierce
1009368, Spare Parts Man
1009368, Cobalt Man
1009368, Crimson Dynamo
1009368, Iron Gentleman
1009368, Metal Man
1009368, Man of Iron
1009368, Tin Man
1009368, Anthony of York
1009368, Space-Knight
1009368, Irene
1009368, Electro
1009368, T
1011366,The Dreaded One
1009334,Max Eisenhardt
1009334, Erik Magnus Lehnsherr
1009334, Joey
1009334, Mags 
1010784,Mister Talon
1010784, Mars
1010784, Warhawk
1010784, Broom head
1010784, John Aaron
1009191,Daywalker
1009191, Subject AA1
1009191, Switchblade
1009191, Hannibal Francis Frank Blade
1009191, Blade: The Vampire Hunter
1009191, Spider-Hero
1009191, Ronin
1009443,Metal Master
1010731,General Hale
1009391,Sergei Kravin
1009391, The Spider
1009391, Scarlet Spider
1011412,Iron Fist
1009454,Doctor Morgan Michaels
1009279,Everyone's Favorite Talking Blob
1009279, Daap
1009279, Green One
1009279, Mr. D
1009312,Galan
1009312, Galen
1009312, Ashta
1009312, Devourer of Worlds
1009312, Destroyer of Worlds
1009312, The Great Destroyer
1009312, The Monster of all Worlds
1009312, The Hunger That Does Not Cease
1009312, god of oblivion
1009312, Gah Lak Tus
1009312, herald of Franklin Richards
1009312, World-Eater/Planet-Killer
1009242,Director
1009598,Angelo Torres
1014988,Benjamin Poindexter (official name)
1014988, Lester Jangles
1014988, Leonard McClain
1014988, Daredevil
1014988, Punisher
1011016,The Evolving Boy
1011316,Vapor
1011039,Captain Tommorow
1011039, Justice Man
1011039, Flying Fossil
1011039, Old Man
1011050,Emperor D'Ken
1009310,White Queen
1009310, Phoenix
1009310, Perfection
1009310, Black Queen
1009310, Storm
1009310, Silver Boobs McGee
1009310,Queen Of Crystal Heart
1011059,Living Trinity
1011159,Leah Princess
1011490,Hank Pym
1011490, Doctor Pym
1011490, Ant-Man
1011490, Goliath
1011490, Giant-Man
1011490, Yellowjacket
1011490, Wasp
1011490, Earth's Scientist Supreme
1011490, Scientific Adventurer
1011490, Gigantus
1011075,Swarm
1010371,Fred Slade; Outback
1011286,Cobalt Man
1010886,Ryan Sandusky
1009348,Harry Hoggan
1009348, Hap
1009348, The Freak
1009348, Iron Man
1011133,Weapon Omega
1011133, Wildheart
1011209,Hermes
1009410,Sometimes name misspelled as MacTaggart
1010703,Hiroim the Shamed
1011082,Josh
1010858,Shockwave
1010702,Protector of the Universe
1011267,Samantha Bentley
1009468,Avenging daughter
1009468, The Sea Beauty
1009468, The Sea-Woman
1009468, Sub-Mariner
1011020,Chris Powell
1011020, Bucket-Head
1011020, Edge-Man
1011020, Powell
1010719,Antichrist
1010719, Black Halo
1010719, the Devil
1010719, King of Hell
1010719, Prince of Lies
1010719, Marduk Kurios
1011321,Paper Doll
1011273,Imp
1011416,Weezi
1011416, the She-Hulk
1011269,Warlord of Ethera
1009159,Angel
1009159, Gabriel 
1009159, Apocalypse
1009159, Dark Angel of Death
1009159, Death
1009159, Savior of the Chosen
1009152,bTsan Saa
1009152, the Master
1009152, the High Lama
1009152, the Mystic
1010692,Rockslide
1010346,Alexander Basel; Hugo
1011291,Hide-And-Seek Girl
1011291, Miss Magoo
1011291, Piñata Princess
1011351,Payback
1011274,Hex
1011004,S.O.D.A.M.
1010829,Bengal
1011305,Maximus the Mad
1011305, Prophet
1010761,Sleepy
1011155,Red Shift
1010817,Blacksmith
1010817, Eldon
1010817, Elvin Holiday
1011311,The Doomsday Machine
1011311, The Devastator
1011311, He-Who-Destroys
1011361,American Eagle
1010860,Rodent
1010860, The Anti-Life
1011169,Crimson King
1009481,Ogun
1009716,Wildside
1010762,Pipman
1010762, Dr. DeTroll
1011266,Adam of Ravenscroft
1009608,Jess Drew
1009608, Jessie Drew
1009608, Hunter
1009608, Mistress of the Black Blade
1009608, Dark Angel
1009608, Childe of the Darkhold
1009608, Ariadne Dee Hyde
1009608, Web-Lady
1009608, Arachne
1009608, Slaughter
1009608, Red
1009608, Webs
1009608, Webby
1009608, others used in course of investigation; impersonated Sybil Dvorak
1009608, Ms. Drew (Jessica Drew of Earth-001)
1009608, Porcupine (Gocking)
1009608, Erin Dyker
1009608, Enforcer (Delazny)
1009608, others
1010325,Betty Brant-Leeds
1011406,Shadu the Shady
1011292,Graymalkin
1009415,Darkchylde
1009415, Darkchild
1009415, Darkchilde Archimage
1009415, Little Snowflake
1009415, Lightchylde
1009415, Red Flag #133
1009415, Phoenix
1009276,Doctor Octopus
1009276, Doc Ock
1009276, Master Planner
1009276, Peter Benjamin Parker
1009276, Spider-Man
1009276, Superior Spider-Man
1009276, Slick
1009276, Spidey
1009276, Web-Slinger
1009276, Venom
1009276, Superior Venom
1009276, Master Programmer
1011074,Lilitu (Babylonian Name)
1011074, Vampire Goddess
1011074, Mother of Demons
1011074, Mother of the Lilin
1011051,King of Hell
1011051, Captain Capitalism
1011320,MODOG; Mental Organism Designed Only for Genocide
1011223,Sakaarson
1011223, Savior
1011223, Son of Hulk
1011223, Worldbreaker
1011223, Long Hair
1011223, Little Monster
1011223, Conan
1011223, Killer of Killers
1011223, Hulkspawn
1011223, King of the Savage Land
1010366,Meltdown
1010366, Tabby
1010366,  Tab
1010366, Boomer
1010366, Firecracker
1010366, Time Bomb
1010366, Mutate #35
1010366, Nancy Forrester
1010366, Doctor Madame McSplode
1009626,Actor
1009626, Golden Gladiator
1009626, Bullet-Head
1009626, Golden Avenger
1009626, Shellhead
1009626, Armored Avenger
1009626, Tetsujin
1009626, Hogan Potts
1009626, Randall Pierce
1009626, Spare Parts Man
1009626, Cobalt Man
1009626, Crimson Dynamo
1009626, Iron Gentleman
1009626, Metal Man
1009626, Man of Iron
1009626, Tin Man
1009626, Anthony of York
1009626, Space-Knight
1009626, Irene
1009626, Electro
1009626, T
1009436,Mauler
1009531,Raza
1009476,Jean-Paul Martin
1011309,Flaming Kid
1011309, Human Torch
1011309, Flame Kid
1011309, Toro the Fire-Eating Boy
1010358,God of Thunder
1010358, Ulik
1010358, the Unstoppable Troll
1010358, Ulik
1010358, the Unconquerable Troll Ulik the Invincible
1010358, Tanarus
1009583,Jennifer Jameson
1009583, Jennifer Smith
1009583, Jade Giantess
1009583, Nurse Jennifer Emerald
1009583, Glamazonia
1009583, Shulkie
1009583, She-Xemnu
1009583, Lady Hulk
1009446,Mister Fear
1009590,Silver Sable
1009160,Arclight
1011414,Loa
1011178,Chronos
1009288,Epsilon
1009288, Miss Ketterman
1009288, Mrs. Salvatore
1009288, Nicole
1009288, Weapon
1009288, Giselle
1009288, Lost One
1009288, Perfect Death
1009288, Tainted Death
1010143,Caretaker
1009321,Lal-Ke
1009321, Captain Universe
1009497,Anthony Durami
1014975,Sir Ram I
1010894,Millie the Model
1010894, Blonde Phantom
1010894, The Blonde Bombshell
1010894, Millie the Marvel
1011124,Deadly Nightshade
1011124, Doctor Nightshade
1009697,Manikin
1009697, the Ghost of Stone
1009697, Victor Shade
1009697, Alex Lipton
1009697, Human Torch
1009697, Jim Hammond
1011261,Officer Vin Gonzales
1011261, Spider-Man
1009332,Herbie
1009332, HERBIE
1009332, H.E.R.B.
1010853,La Tigresa Blanca
1010330,God of Thunder
1010330, Thorr
1010330, the Thunderer
1010330, Son of Gaea
1010330, Son of Earth
1010330, the Scion of all Asgard
1010330, the Golden Avenger
1010330, the Lightning-Giver
1010330, Donald M. Blake
1010330, Sigurd Jarlson
1010330, Jake Olson
1010330, Arkin Torsen
1010330, Arthur
1010330, Hammer-Thrower
1010330, Lightning-Caller
1010330, Storm-God
1010330, Vingthor the Hurler
1010330, Longbeard's Son
1010330, Hrodr's foeman
1010330, Veur
1010330, unhappy Hrungnir's playmate
1010330, Hloriddi
1011237,Tiger's Beautiful Daughter
1009736,Yellow Claw
1009736, Golden Claw (he considers Yellow Claw to be a racist slur)
1009736, Fang Chu
1009736, Tzing Jao
1011141,Cerise
1011115,Tattoo
1010350,Val
1010350, Barbara Denton Norris
1010350, Samantha Parrington
1010350, Annabelle Riggs
1011359,Chat
1011137,Baroness S'Bak
1009478,Mummudrai
1009478, Anti-Self
1009478, Immensity
1009449,Mandarin Six
1009449, Mandarin-Six
1009265,Dark Phoenix
1009265, World Destroyer
1009265, Phal'kon
1009265, Void Falcon Chaos Bringer
1009265, White Phoenix of the Crown
1009265, Phoenix
1009265, Black Queen
1009265, Star Child
1009265, Jean Grey
1009265, The-End-Of-All-That-Is
1009265, Firebird 
1009265, the evil
1009265, omnipotent firebird 
1011264,Joey
1011264, Joe
1011268,Kay Cera
1009601,The  Sleeper
1009601, SL-[#}
1010354,Him
1010354, Warlock
1010354, Golden Gladiator
1010354, Adam Magus
1010354, Mr. Smith
1010354, Magus
1010354, Subject X-31
1010701,Bloodstone
1011296,Bi-Beast
1009686,Umar the Unrelenting
1009558,Flint Marko
1009558, Flint Baker
1009558, Sylvester Mann
1009558, Quarryman
1009558, William Flint Marko
1011293,Ink
1009652,Mad Titan
1009652, Master
1009652, Thanos Rex
1009652, Masterlord
1009652, Overmaster
1009652, Chins
1011258,Monster
1016839,Puny Parker
1016839, Petey
1016839, Midtown High's Only Professional Wallflower
1016839, Tiger
1016839, Spidey
1016839, Webhead
1016839, Web-Slinger
1016839, Wall crawler
1016839, Amazing Bag-Man
1016839, Bombastic Bag-Man
1016839, Captain Universe
1016839, Champion of Life
1016839, Ricochet
1016839, Hornet
1016839, Dusk
1016839, Prodigy
1016839, Black Marvel
1016839, Daredevil
1016839, Green Hood
1016839, Mad Dog 336
1016839, Scarlet Spider
1016839, Iron Spider
1016839, Spider-Hulk
1016839, Spider-Lizard
1016839, Spider-Morphosis
1016839, Spider-Phoenix
1016839, Man-Spider
1016839, Silver Spider
1016839, Amazing Spider
1016839, Spider
1016839, Amazing Spider-Man
1016839, Web Spinner
1016839, Web Crawler
1016839, Friendly Neighborhood Spider-Man
1016839, Doctor Octopus
1016839, Friendly Neighborhood Doc Ock
1016839, Superior Spider-Man
1016839, Wolverine
1016839, Punisher
1016839, Ben Reilly
1016839, Masked Marvel
1016839, Spider-X-Man
1016839, Professor S
1016839, Challenger
1016839, 'Pidey
1016839, Mr. Cartwright
1016839, Mr. Jameson
1016839, Mr. Simmons
1016839, Spider-Boy
1016839, Peter Palmer
1009682,Super-Patriot
1009682, Patriot
1009682, Jack Daniels
1009682, Captain America
1009682, Liegeman
1009682, Warden John Walker
1010857,Timeslip
1011334,3-D Man
1010832,Gargoyle
1009509,Red Queen
1009509, Black Queen
1009592,Silver Savage
1009592, Skyrider
1009592, Sentinel of the Spaceways
1009592, Silverado
1009592, Chrome Dome
1009592, Carnage Cosmic
1009592, Captain Universe
1009592, Dark Surfer
1009592, Keeper
1009592, Mr. Clean
1009592, Cosmic Wanderer
1009592, The Cosmic Surfer
1009592, Protector of the Universe
1009592, Champion of the Universe
1009592, Herald of Galactus
1009592, Dr. Norrin Radd: Sorcerer Supreme
1009592, Sakaarson
1009592, Sojourner
1009592, Doom-Bringer
1009592, Uni-Lord
1009592, Gleambody
1009592, Cosmic Messiah
1009592, Galatic Messiah
1009592, John Doe
1010839,Hindsight Lad
1010836,Destroyer
1010836, Smart Alex
1010836, Gee
1010836, Powerpax
1010836, Powerhouse
1010836, Zero-G
1010836, Mass Master
1009385,The Shatterer
1010991,War Machine
1011346,Anthony Serba
1011346, Friendly Neighborhood Spider-Man
1011346, George Bailey
1011346, Henry Jones
1011346, Peter Parker
1011346, Red
1011346, Scarlet Spider
1011346, Scarlet
1011346, Spider-Carnage
1011346, Spider-Clone
1011346, Webslinger
1011346, Webs
1009722,X-23
1009722, Captain Universe
1009722, Laura X
1009722, Talon
1009722, Samantha Fisk
1009382,Kuurth
1009382, Captain Universe
1010931,Hobgoblin 2211
1010931, Hbgoblin of 2211
1010931, Hob
1010931, Hobby
1009440,Donald Blake
1009440, Maya
1009440, Lucifer
1009440, Beelzebub
1009440, the Devil
1009440, Prince of Lies
1009440, Mephistopheles
1009440, Nick Scratch
1009440, Satan
1009440, Doctor Bultar
1011272,Crimson Crusader
1010708,Pan
1011342,Marvel Boy
1011342, Manglin' John Mahoney
1011342, Astounding Astrovik
1011342, Superhuman Penitentiary Prisoner 344678
1011342, Super Tights
1010876,Mongoose
1011310,Mr. Hammer
1009699,Vulture
1009233,Decibel
1011330,Lady Mandarin
1011330, Psylocke
1011330, Elizabeth Betsy Braddock
1011330, Butterfly
1011330, Revenge (English translation of codename)
1011139,Cammihawk
1011300,Dr. Wyndham
1011300, Lord High Evolutionary
1011300, HE
1009718,Logan
1009718, Weapon X
1009718, Weapon Chi
1009718, Chi
1009718, Patch
1009718, Death
1009718, Black Dragon
1009718, Agent Ten
1009718, Wolvie (by Jubilee)
1009718, Wolvy (by Rogue)
1009718, Wolver-Mean (by Iceman)
1009718, Midget Maniac (by Iceman)
1009718, Lucky Jim
1009718, Patient Zero
1009718, Patient X
1009718, Hand of God
1009718, Mai'keth
1009718, Mutate #9601
1009718, Emilio Garra
1009718, Peter Richards
1009718, Phoenix
1009718, Dark Phoenix
1009718, Experiment X
1009718, Jim Logan
1009718, Jimmy
1009718, Weapon Ten
1009718, Weapon Chi
1009718, Runt
1009718, Soft James
1009718, Fist of Legend
1009718, Corporal Logan (later Captain) Logan)
1009718, Claw-Man
1009718, Claw
1009718, Canucklehead
1009718, Canada
1009718, Wildboy
1009718, Little Uncle
1009718, Amazing Immortal Man
1009718, Wild Man
1009718, Iron Man
1009718, Revolto the Clown
1009718, Tenth Man
1009198,Blizz
1009198, Prisoner #1307967
1010984,Union Jack
1011028,Owl
1009378,Jessica Cambell
1009378, Knightress
1009378, Madeline
1009378, Jewel
1009378, Power Woman
1014858,Anthony Serba
1014858, Friendly Neighborhood Spider-Man
1014858, George Bailey
1014858, Henry Jones
1014858, Peter Parker
1014858, Red
1014858, Scarlet Spider
1014858, Scarlet
1014858, Spider-Carnage
1014858, Spider-Clone
1014858, Webslinger
1014858, Webs
1009434,Mastermind
1011091,Henry Keagle; Henry Kagel
1011136,Air-Walker
1011105,Woo Yen Jet
1009177,Bedlam
1010362,Meteorite
1010362, Kate Sorenson
1010362, Ms. Marvel
1010785,Crazy Horse
1010785, Ronin
1010687,Deathless One
1011069,Harrier
1010347,Edward; Jack the Ripper
1010848,Silhouette
1011100,Butterfly
1011100, The Girl Who Knows Stuff
1011100, Statue
1011063,The Barrier between Dichotomies
1011063, He Who Stands in Shadow
1011063, the Separator of Actualities
1011063, Ankh the Wind-Giver
1011063, Ankh the Sun Holder
1011063, Ankh the Cosmic All of Our Dimension
1010877,Mathemanic
1011142,The Devastator
1009187,Orphan-King
1009187, King of the Dead
1009187, Panther
1009187, the Great Cat
1009187, Mr. Okonkwo
1009187, Man Without Fear
1009187, Luke Charles
1009187, Black Leopard
1009187, the Client
1009187, Coal Tiger
1009187, Haramu-Fal (the Orphan King)
1009187, Damisa-Sarki (the Panther)
1009187, has impersonated Daredevil and others on occasion
1009151,Aki
1009151, Akiko
1009151, Kiko
1010840,Mister Immortal
1010840, Mr. I
1011138,Frank
1009664,God of Thunder
1009664, Thorr
1009664, the Thunderer
1009664, Son of Gaea
1009664, Son of Earth
1009664, the Scion of all Asgard
1009664, the Golden Avenger
1009664, the Lightning-Giver
1009664, Donald M. Blake
1009664, Sigurd Jarlson
1009664, Jake Olson
1009664, Arkin Torsen
1009664, Arthur
1009664, Hammer-Thrower
1009664, Lightning-Caller
1009664, Storm-God
1009664, Vingthor the Hurler
1009664, Longbeard's Son
1009664, Hrodr's foeman
1009664, Veur
1009664, unhappy Hrungnir's playmate
1009664, Hloriddi
1011420,Mokk
1011420, Paul St. Pierre
1011420, Occupant 0193
1009692,Eddie
1009692, Sister Edwina
1009692, Ed
1009692, Edwin Brock
1009692, Venom
1009692, Lethal Protector
1009692, 998th
1009692, Anti-Venom
1009692, White Venom
1011355,Rambling Sid Ridley
1009171,Master Mold
1009171, Nimrod
1009171, Template
1009171, Nicholas Hunter
1009171, Arnold Rodriguez
1011125,Chameleon
1010743,His Divine Majesty King Groot the 23rd
1010743, Monarch of Planet X
1010743, custodian of the branch worlds
1010743, ruler of all the shades
1011213,Pussy Cat
1011213, Kitten
1011197,Anthony Serba
1011197, Friendly Neighborhood Spider-Man
1011197, George Bailey
1011197, Henry Jones
1011197, Peter Parker
1011197, Red
1011197, Scarlet Spider
1011197, Scarlet
1011197, Spider-Carnage
1011197, Spider-Clone
1011197, Webslinger
1011197, Webs
1010823,Ms. Freak-out
1010823, Head Case
1010825,Triathlon; Three Dimensional Man
1009568,Demon Huntress
1009568, Dark Huntress
1009568, Lady Selene
1009568, Moon Goddess
1009568, Daughter of the Moon
1009568, Mistress of the Fire
1009568, Black Priestess
1009568, Dark Priestess
1009219,Samsun Guthry
1009219, Samuel Zachary (by Paige
1009219, Sam (by Tabitha Smith) 
1009219, Sammy Boy (by Wolverine) 
1009219, Kentucky (by Iceman) 
1010782,Uncle Ben
1009619,Gwendolyn Stacy
1009619, Gwen Stacey (alternate spellings)
1009619, Gwendy
1010808,Kate Bishop
1010808, Bishop
1010808, Hawkingbird
1010808, Mockingbird
1010808, Weapon Woman
1010808, Taskmistress
1010808, Knightress
1010808, Female Archer
1010808, Hawkette
1010808, Katie
1010808, Lady Hawkman
1010808, Lady Hawkeye
1010669,Skirn
1010669, Skeeter
1010669, Thunder Girl; Spider-Woman
1009651,Stone Dome
1009651, Tyros the Terrible
1009651, Terrax the Tamer
1009553,Ruth Ben-Sera
1009553, SA-1980 (military code designation)
1009553, Ruthie
1010696,Joey
1010824,Shooting Star
1010334,Computo
1010849,Wallflower
1009591,Kenichiro Harada
1009591, Ken
1009591, Silver Shogun
1009591, Ishiro Tagara
1010341,Dark One
1010341, Vendaaga (Great Lord in vampire tongue)
1010341, Whitehair
1009342,Zee
1009342, Lady Kitten (Hippie name
1009342, under mental control)
1010671,Amora Incantare
1010671, Amora Lorelei
1010671, The Valkyrie
1010671, Leena Moran
1010671, Helen Eve
1010671, Idunn
1010671, Idun
1010671, Iduna
1010671, (Sea-Bright)
1010671, (the Lady)
1010671, (the Giver)
1011031,Alex Hayden
1011031, Nijo Minamiyori
1009698,Vivisector
1010875,X-Ray
1009501,Emissary of Onslaught
1009669,Arlys Tigershark
1010850,Bloodstrike
1009168,Irish
1009168, Agent #215-66
1009168, Death
1009168, presumably other undercover aliases
1009489,Puny Parker
1009489, Petey
1009489, Midtown High's Only Professional Wallflower
1009489, Tiger
1009489, Spidey
1009489, Webhead
1009489, Web-Slinger
1009489, Wall crawler
1009489, Amazing Bag-Man
1009489, Bombastic Bag-Man
1009489, Captain Universe
1009489, Champion of Life
1009489, Ricochet
1009489, Hornet
1009489, Dusk
1009489, Prodigy
1009489, Black Marvel
1009489, Daredevil
1009489, Green Hood
1009489, Mad Dog 336
1009489, Scarlet Spider
1009489, Iron Spider
1009489, Spider-Hulk
1009489, Spider-Lizard
1009489, Spider-Morphosis
1009489, Spider-Phoenix
1009489, Man-Spider
1009489, Silver Spider
1009489, Amazing Spider
1009489, Spider
1009489, Amazing Spider-Man
1009489, Web Spinner
1009489, Web Crawler
1009489, Friendly Neighborhood Spider-Man
1009489, Doctor Octopus
1009489, Friendly Neighborhood Doc Ock
1009489, Superior Spider-Man
1009489, Wolverine
1009489, Punisher
1009489, Ben Reilly
1009489, Masked Marvel
1009489, Spider-X-Man
1009489, Professor S
1009489, Challenger
1009489, 'Pidey
1009489, Mr. Cartwright
1009489, Mr. Jameson
1009489, Mr. Simmons
1009489, Spider-Boy
1009489, Peter Palmer
1010676,Carol Speed
1010676, Lady Samurai
1010874,Slyde
1009581,Black King
1009581, Lord Imperial
1009581, Black Bishop
1011022,Super-Adaptoid
1011022, Cyborg Sinister
1011022, Supreme Adaptoid impersonated the Fixer
1011022, Alessandro Brannex
1011370,Molten Man
1011370, Burning Man
1009227,Mass Carnage
1009227, 999th
1009227, Carnage-Man
1009227, Your Friendly Neighborhood Carnage
1009227, Red Slayer 
1011242,Actor
1011242, Golden Gladiator
1011242, Bullet-Head
1011242, Golden Avenger
1011242, Shellhead
1011242, Armored Avenger
1011242, Tetsujin
1011242, Hogan Potts
1011242, Randall Pierce
1011242, Spare Parts Man
1011242, Cobalt Man
1011242, Crimson Dynamo
1011242, Iron Gentleman
1011242, Metal Man
1011242, Man of Iron
1011242, Tin Man
1011242, Anthony of York
1011242, Space-Knight
1011242, Irene
1011242, Electro
1011242, T
1009483,Charlie Silus
1009483, Sir David The Great
1009483, Charles Xavier
1009483, Magneto
1009483, That Which Shall Survive
1009483, the Entity
1009483, Dark Xavier
1016840,Puny Parker
1016840, Petey
1016840, Midtown High's Only Professional Wallflower
1016840, Tiger
1016840, Spidey
1016840, Webhead
1016840, Web-Slinger
1016840, Wall crawler
1016840, Amazing Bag-Man
1016840, Bombastic Bag-Man
1016840, Captain Universe
1016840, Champion of Life
1016840, Ricochet
1016840, Hornet
1016840, Dusk
1016840, Prodigy
1016840, Black Marvel
1016840, Daredevil
1016840, Green Hood
1016840, Mad Dog 336
1016840, Scarlet Spider
1016840, Iron Spider
1016840, Spider-Hulk
1016840, Spider-Lizard
1016840, Spider-Morphosis
1016840, Spider-Phoenix
1016840, Man-Spider
1016840, Silver Spider
1016840, Amazing Spider
1016840, Spider
1016840, Amazing Spider-Man
1016840, Web Spinner
1016840, Web Crawler
1016840, Friendly Neighborhood Spider-Man
1016840, Doctor Octopus
1016840, Friendly Neighborhood Doc Ock
1016840, Superior Spider-Man
1016840, Wolverine
1016840, Punisher
1016840, Ben Reilly
1016840, Masked Marvel
1016840, Spider-X-Man
1016840, Professor S
1016840, Challenger
1016840, 'Pidey
1016840, Mr. Cartwright
1016840, Mr. Jameson
1016840, Mr. Simmons
1016840, Spider-Boy
1016840, Peter Palmer
1009254,Joe Hogan
1010337,Captain Britain
1010337, Lionheart of Avalon
1009218,The Witch
1009218, The Hunter of souls
1009584,Siva
1009584, Destroyer
1009584, Shiva the Destroyer
1009520,Purple Man
1011227,Ammy
1011227, Mastermind Excello
1011227, Prince of Power
1009286,Quake
1009234,Dmitri Kravinoff
1009234, Stepan Ivanov
1009234, Dr. Turner
1009234, Professor Newton; impersonated Dr. Ashley Kafka
1009234, J. Jonah Jameson
1009234, Torpedo
1009234, Rick Jones
1009234, Dr. Henry Pym
1009234, Peter Parker
1009234, Captain George Stacy
1009234, Dr. Robert Bruce Banner
1009234, Thunderbolt Ross
1009234, Captain America
1009234, Kraven the Hunter
1009234, Spider-Man and many others
1009150,Agent Zero
1009150, David North
1011391,Bouncing Cat
1011391, P-Cat
1011391, The Penitent Puss
1011391, Neils (misspelled)
1011229,Dazzler
1011229, Rogue
1011229, Storm
1011229, Polaris
1011229, Havok
1011229, Omega Sentinel
1011001,Daken Akihiro
1011001, Mongrel
1011001, Kid-Wolverine
1011001, Wolverine
1009305,Nova Centurion
1009305, Cosmic One
1010754,Chasehawk
1010754, Darkhawk
1010754, Talkback
1010754, Neo
1010754, pumpkin eyes
1009325,Normie
1009325, the Goblin
1009325, the Goblin Lord
1009325, Overlord
1009325, Gobby
1009325, Scrier
1009325, Commander Osborn
1009325, Director Osborn
1009325, Iron Patriot
1009325, Super-Adaptoid
1009325, Goblin King
1009325, Octo-Goblin
1009325, Goblin Kingpin of Crime
1009325, Hobgoblin
1009325, Mason Banks
1009325, Green Goblin
1009371,Iron Man
1009695,Jamie
1009695, Jimmy
1009695, Mac
1009695, Jimmy Hudson
1009695, Dr. Hudson 
1009695, Weapon Alpha
1009695, Antiguard
1009695, Vindicator
1009695, Major Maple-Leaf
1010335,Triton
1009268,Jack
1009268, Merc with a Mouth
1009268, Wade T. Wilson
1009268, Chiyonosake (the Wolf of the Rice Wine)
1009268, Red
1009268, Chatterbox
1009268, Thom Cruz
1009268, Rhodes
1009268, Corpus
1009268, DP
1009268, Lopez
1009268, Peter Parker
1009268, Denny
1009268, Wildcard
1009268, Talkingman
1009268, Evil Evil Man
1009268, Regenerating Degenerate
1009268, Spider-Man
1009268, Ninja Spider-Man
1009268, Iron Man
1009268, Buchanan Neket
1009268, Zenpool
1009268, Wolverine
1009268, Big Dee Pee
1009268, Captain Wilson
1009268, Johnny Salvini
1009268, Armando Khan
1009268, Mithras
1009268, Dr. Koffer
1009268, Takehiko Adachi
1009268, Test-o-clees
1009268, Pool Captain
1009330,Jamie
1009330, Jimmy
1009330, Mac
1009330, Jimmy Hudson
1009330, Dr. Hudson 
1009330, Weapon Alpha
1009330, Antiguard
1009330, Vindicator
1009330, Major Maple-Leaf
1010851,Abe
1010851, Matthew Davis
1010851, Aaron Jeffries
1010851, Beetle
1010851, Mach-I
1010851, Mach-II
1010851, Mach-III
1010851, Mach-IV
1010851, Mach-V
1009438,Medusa
1009623,Brass
1009226,Sister Cargill
1009707,Jan
1009707, the Winsome Wasp
1009707, the Wonderful Wasp
1009707, The Wondrous Wasp
1009707, Doctor Spectrum
1009707, Pixie
1009707, Janet Pym
1009707, Fashion Fly
1009455,Morg the Executioner
1011240,Armadillo Man
1009587,Sandra Deel
1011259,Sara Ehret
1010795,Spider-Woman
1009189,Yelena Belova
1009189, Natasha Romanoff
1009189, Tasha
1009189, Madame Nikita
1009189, Nancy Rushman
1009189, Laura Matthers
1009189, Nadine Roman
1009189, Oktober
1009189, Black Pearl
1009189, Ebon Flame
1009189, Ms. Heck
1009189, Nat
1009189, Tsarina
1009189, Red
1009189, Natalia Shostakova
1009189, Natuska
1009189, Czarina
1009189, Babette
1011047,Torpedo Sue
1009158,Mr. A
1009355,Teddy
1009355, Ted
1009355, Teen-Hulk
1009355, Skrulling
1009355, Iron Man
1009355, Human Torch
1009427,Bob Grayson
1009427, Marvel Boy
1009427, The Great Grayson
1010779,Peter Winston Wisdom
1010779, Mr. W
1009618,Ripcord
1009618, Mira
1009618, X-Stacy
1009239,Clea
1009170,Masked Demon
1010733,Star-Lord
1010733, Lord of Stars
1010733, Space Boy
1010733, Boyo
1010733, Baby Boo
1010733, Steven Swingin' Stevie Rogers
1010733, King Quill
1009274,Ray
1009274, Snapdragon
1009539,Avatar
1009539, Tattletale
1009539, Ego-Spawn
1009539, Richard Franklin
1009539, Kid Franklin (for Franklin Richards (Earth-10235))
1009539, and uncle)
1010838,Rattler
1011402,Wendell Rand
1010856,Firewall
1010856, Theary
1009333,He once claimed call me Ishmael but this was probably a reference to Melville's Moby-Dick
1011339,Magnificent Master of Might
1011339, the Man of Marvels
1011339, the Blue Bomber of Battle
1010899,Jackie
1009514,Puma
1010684,Thrash
1010670,Frog-Man
1009715,Weapon Omega
1009715, Wildheart
1009685,Ho Yinsen
1009685, Great Devil
1009685, Iron Man
1009685, Ultimate Ultron
1009685, Mark
1009685, Ultron Mark Twelve
1009685, Omega
1009685, Crimson Cowl
1009685, Ultron-5 (and hundreds of other sequential numerical designations)
1009685, Ultron Pym
1009376,J
1009376, Bride of Ultron
1010819,Twister
1010819, Agent T
1009214,Askani'son  Soldier X
1009214, Nathan Dayspring Summers
1009214, Nathan Winters
1009214, The Traveler
1009214, Nathan Dayspring Askani'son
1009214, The Chosen One
1009214, The Savior
1009214, Nathan Christopher
1009297,Snap Wilson
1009297, Sam Wilson
1009297, Falcon
1009297, Blackbird
1009297, Blackwing
1009297, Brother Superhero
1009297, Cap-Wolf
1009705,Jimmy
1009705, Thunderbird
1009705, Running Sun (Hippie name
1009705, under mental control)
1009469,Nita
1009469, Kymaera
1009469, Tigress Shark
1009469, Hard
1011263,Martin Li
1009341,Pain
1009492,Eli
1009492, Lieutenant America
1009414,Maggott
1011349,Blacky
1009740,The Bio-Fanatic
1010861,Umberto the Uncanny
1011318,The Perfect Strategy Mind
1009645,Colonel Glenn Talbot
1009181,Round Ravager of the Ring
1009181, Circular Crushing King
1009181, Dynamic Donut of Destruction
1009181, Jackson Wheele
1014980,Actor
1014980, Golden Gladiator
1014980, Bullet-Head
1014980, Golden Avenger
1014980, Shellhead
1014980, Armored Avenger
1014980, Tetsujin
1014980, Hogan Potts
1014980, Randall Pierce
1014980, Spare Parts Man
1014980, Cobalt Man
1014980, Crimson Dynamo
1014980, Iron Gentleman
1014980, Metal Man
1014980, Man of Iron
1014980, Tin Man
1014980, Anthony of York
1014980, Space-Knight
1014980, Irene
1014980, Electro
1014980, T
1011120,Albion
1011150,Paul Bark
1011243,Mandrill
1009666,Thunderbird
1010695,Nori
1009292,M-Plate
1009688,Unuscione
1011290,Nick
1011290, Nicky
1011147,The Pursuer
1011401,The Schemer
1011401, The Rose
1011401, The Blood Rose
1009472,Gainsborough
1009472, Bamf
1009472, Great Boggie
1009472, Elf
1009472, Fuzzy Elf
1009472, Herr Indigo
1009472, The Flying Fiend
1009472, The Magnificent Monster
1009472, The Daredevil Demon
1009472, Fuzzy-blue
1009498,Plazm
1011043,Wither
1010812,J. J. Jameson
1010812, JJJ
1010812, The Sensational Spider-Mayor
1009290, Elite
1011369, Phil Sheldon
1009251,Crimson Dynamo
1009251,Ivan Vanko
1009251, Vanko Savage
1011343, Jamie Braddock Jr.
1009435, Alicia Reiss Masters
1011011, Emperor Vulcan
1011011,Vulcan 
1011011,Kid Vulcan
1011011,Vulcan the Great
1011011,Vulcan the Kingbreaker
1011181, Thena 
1011181,Zura
1011181, Thena Eliot
1011181, Corona
1011181, Athena 
1011181, Minerva (mistakenly)
1011181,Pallas Athene
1011181,Betty Sue Bialovsky
1011181,Prime Eterna
1009714, Demiurge
1009714, Wiccan
1009714, Asgardian
1009714, Thor Jr.
1009714, Warlock Boy
1009714, Magic Lad
1009714, Wanda Junior
1009714, Billy Maximoff
1009316, Gauntlet
1009442, Mesmero
1009442, William H. Thorton
1009442, Junichi
1014812, Gen. Thunderbolt Ross
1014812, Red Hulk
1014812, Venom
1014812, Ghost Rider
1014812, General Ross
1014812, Zzzax
1014812, Redeemer
1014812, Rulk
1014812, Hulk
1014812, Red King
1009545, Robbie Robertson
1010930,Hobgoblin
1010930,Jack O'Lantern
1014977,Lady Ursula
1010957, Orphan-Maker
1009494,Rescue
1009494,Red
1009494,Hera
1009494,Madame Masque
1011182, El Vampiro
1010885,Black Bruce Banner
1010885, Thunderball
1011427,Bucky
1011427,Rikki Baine
1010801,Myrmidon
1010801,Ant-man
1011360, Gen. Thunderbolt Ross
1011360, Red Hulk
1011360, Venom
1011360, Ghost Rider
1011360, General Ross
1011360, Zzzax
1011360, Redeemer
1011360, Rulk
1011360, Hulk
1011360, Red King
1009347, Devil-Spider
1009347, The Black Sheep of the Goblin family
1009425, The bony little lass
1009425, Marrow