ID,full_name,first_apperance,description,
1011334,3-D Man,21366,null,
1017100,A-Bomb (HAS),null,Rick Jones has been Hulk's best bud since day one but now he's more than a friend...he's a teammate! Transformed by a Gamma energy explosion A-Bomb's thick armored skin is just as strong and powerful as it is blue. And when he curls into action he uses it like a giant bowling ball of destruction! ,
1009144,A.I.M.,36763,AIM is a terrorist organization bent on destroying the world.,
1010699,Aaron Stack,null,null,
1009146,Abomination (Emil Blonsky),17547,Formerly known as Emil Blonsky a spy of Soviet Yugoslavian origin working for the KGB the Abomination gained his powers after receiving a dose of gamma radiation similar to that which transformed Bruce Banner into the incredible Hulk.,
1016823,Abomination (Ultimate),15717,null,
1009148,Absorbing Man,36481,null,
1009149,Abyss,13943,null,
1010903,Abyss (Age of Apocalypse),null,null,
1011266,Adam Destine,null,null,
1010354,Adam Warlock,17271,Adam Warlock is an artificially created human who was born in a cocoon at a scientific complex called The Beehive.,
1010846,Aegis (Trey Rollins),null,null,
1011297,Agent Brand,5477,null,
1011031,Agent X (Nijo),17702,Originally a partner of the mind-altering assassin Black Swan Nijo spied on Deadpool as part of the Swan's plan to exact revenge for Deadpool falsely taking credit for the Swan's assassination of the Four Winds crime family which included Nijo's brother.,
1009150,Agent Zero,3357,null,
1011198,Agents of Atlas,6318,null,
1011175,Aginar,null,null,
1011136,Air-Walker (Gabriel Lan),5589,null,
1011176,Ajak,null,null,
1010870,Ajaxis,null,null,
1011194,Akemi,null,null,
1011170,Alain,null,null,
1009240,Albert Cleary,null,null,
1011120,Albion,null,null,
1010836,Alex Power,35509,null,
1010755,Alex Wilder,15061,Despite being the only one of the Runaways without any superhuman abilities or tech Alex Wilder became the de facto leader of the group due to his natural leadership skills and intellect as well as prodigy-level logic and strategy.,
1011214,Alexa Mendez,null,null,
1009497,Alexander Pierce,26285,null,
1014990,Alice,null,null,
1009435,Alicia Masters,17460,null,
1010370,Alpha Flight,39654,null,
1011324,Alpha Flight (Ultimate),null,null,
1011164,Alvin Maker,null,null,
1011227,Amadeus Cho,38496,null,
1009567,Amanda Sefton,null,null,
1011382,Amazoness,null,null,
1011361,American Eagle (Jason Strongbow),10105,null,
1009151,Amiko,13722,null,
1010672,Amora,null,null,
1010673,Amphibian (Earth-712),3908,null,
1010905,Amun,null,Amun is a ruthless teenage assassin employed by the Sisterhood of the Wasp to serve under the mage Vincent after Araña interrupted the ritual to initiate the Wasp's new chosen one.,
1009152,Ancient One,20234,null,
1016824,Ancient One (Ultimate),15771,null,
1011396,Angel (Thomas Halloway),20636,null,
1011338,Angel (Ultimate),15715,null,
1009153,Angel (Warren Worthington III),21197,null,
1017574,Angela (Aldrif Odinsdottir),51201,null,
1010674,Anita Blake,5912,null,
1009346,Anne Marie Hoag,null,null,
1009154,Annihilus,2055,null,
1011301,Anole,24173,null,
1010802,Ant-Man (Eric O'Grady),36765,null,
1010801,Ant-Man (Scott Lang),17749,null,
1011208,Anthem,null,null,
1009156,Apocalypse,7459,null,
1011253,Apocalypse (Ultimate),null,null,
1010866,Aqueduct,null,null,
1010773,Arachne,37899,null,
1017438,Araña,2311,null,
1009158,Arcade,17712,null,
1010686,Arcana,3908,null,
1009159,Archangel,17701,null,
1009160,Arclight,26024,null,
1010784,Ares,24348,null,
1011275,Argent,null,null,
1011012,Armadillo,null,null,
1011298,Armor (Hisako Ichiki),21511,null,
1010827,Armory,17293,null,
1009740,Arnim Zola,5402,The frail dwarfish Arnim Zola was born in 1930s Switzerland where he became the world's leading biochemist and genetic engineer.,
1010748,Arsenic,null,null,
1009161,Artiee,35509,null,
1010718,Asgardian,null,null,
1009162,Askew-Tronics,null,null,
1010835,Asylum,null,null,
1010336,Atlas (Team),17493,null,
1009163,Aurora,17701,null,
1009164,Avalanche,6929,null,
1009165,Avengers,42539,Earth's Mightiest Heroes joined forces to take on threats that were too big for any one hero to tackle. With a roster that has included Captain America Iron Man Ant-Man Hulk Thor Wasp and dozens more over the years the Avengers have come to be regarded as Earth's No. 1 team.,
1015239,Avengers (Ultimate),30597,null,
1011766,Azazel (Mutant),13969,A mutant from biblical times Azazel is the ruler of the Neyaphem and claims that the Earth and everything on it belongs to him.,
1009168,Banshee,12676,null,
1009596,Banshee (Theresa Rourke),7426,The daughter of former X-Men member Sean Cassidy a.k.a. Banshee and Maeve Rourke Theresa Rourke was raised by her first cousin once removed mutant terrorist Thomas Cassidy a.k.a. Black Tom.,
1009169,Baron Strucker,12848,null,
1009170,Baron Zemo (Heinrich Zemo),7310,null,
1010906,Baron Zemo (Helmut Zemo),7739,null,
1011137,Baroness S'Bak,null,null,
1011354,Barracuda,41071,null,
1009550,Bart Rozum,null,null,
1009171,Bastion,7422,null,
1009172,Batroc the Leaper,36945,null,
1009173,Battering Ram,17961,null,
1009174,Beak,5451,null,
1009175,Beast,44580,null,
1010909,Beast (Earth-311),null,null,
1010908,Beast (Ultimate),15770,null,
1009176,Becatron,null,null,
1009177,Bedlam,17506,null,
1009178,Beef,13822,null,
1009179,Beetle (Abner Jenkins),13151,null,
1009329,Ben Grimm,null,null,
1009489,Ben Parker,24407,null,
1011346,Ben Reilly,6809,Ben Reilly was the most genetically stable of the many clones of Spider-Man created by Professor Miles Warren the Jackal.,
1010782,Ben Urich,37255,Ben Urich is a reporter for the Daily Bugle who has many ties to the city's superhero community.,
1010829,Bengal,20679,null,
1009180,Beta-Ray Bill,36644,null,
1010325,Betty Brant,37255,null,
1009548,Betty Ross,29378,null,
1011138,Beyonder,10374,null,
1011296,Bi-Beast,null,null,
1010843,Big Bertha,8463,null,
1009181,Big Wheel,6575,null,
1011262,Bill Hollister,null,null,
1009182,Bishop,17701,null,
1011224,Bishop (Ultimate),null,null,
1009183,Black Bird,null,null,
1009184,Black Bolt,7088,null,
1017330,Black Bolt (Marvel War of Heroes),null,null,
1009185,Black Cat,6587,null,
1010910,Black Cat (Ultimate),37460,null,
1010859,Black Crow,20185,null,
1009186,Black Knight (Sir Percy of Scandia),12725,null,
1009187,Black Panther,43498,null,
1011130,Black Panther (Ultimate),17378,null,
1010356,Black Queen,null,null,
1010687,Black Tarantula,5997,null,
1009188,Black Tom,20565,null,
1009189,Black Widow,43495,null,
1017296,Black Widow (LEGO Marvel Super Heroes),null,null,
1010911,Black Widow (Ultimate),15773,null,
1017109,Black Widow/Natasha Romanoff (MAA),null,Natasha Romanoff also known as Black Widow is a world-renowned super spy and one of S.H.I.E.L.D.'s top agents. Her hand-to-hand combat skills intelligence and unpredictability make her a deadly secret weapon. True to her mysterious nature Black Widow comes and goes as she pleases but always appears exactly when her particular skills are needed.,
1009190,Blackheart,8263,null,
1010881,Blacklash,null,null,
1011349,Blackout,23373,null,
1009191,Blade,5133,null,
1009195,Blastaar,37902,null,
1010830,Blazing Skull,1687,null,
1011291,Blindfold,null,null,
1009197,Blink,17870,null,
1009198,Blizzard,19915,null,
1009199,Blob,6929,null,
1011132,Blob (Ultimate),15721,null,
1009200,Blockbuster,7639,null,
1009201,Blok,14102,null,
1009202,Bloke,17962,null,
1011416,Blonde Phantom,40360,null,
1011073,Bloodaxe,11778,null,
1009203,Bloodscream,14201,null,
1009204,Bloodstorm,10493,null,
1010850,Bloodstrike,null,null,
1011113,Blue Blade,16701,null,
1011339,Blue Marvel,24348,null,
1011264,Blue Shield,null,null,
1010688,Blur,3908,null,
1011119,"Bob, Agent of Hydra",21845,A cowardly young man Bob was persuaded into joining the criminal organization HYDRA and has had numerous encounters with Deadpool and other Marvel heroes.
1010366,Boom Boom,10339,When Tabitha Smith's mutant nature manifested at age 13 she ran away from her abusive home and eventually hooked up with the New Mutants and subsequently X-Force.,
1009205,Boomer,7395,null,
1010371,Boomerang,15869,null,
1009206,Box,12693,null,
1011236,Bride of Nine Spiders (Immortal Weapons),16534,null,
1014981,Bromley,null,null,
1009208,Brood,15853,null,
1011090,Brother Voodoo,null,null,
1009209,Brotherhood of Evil Mutants,20318,null,
1014973,Brotherhood of Mutants (Ultimate),15743,null,
1009167,Bruce Banner,null,null,
1009210,Brute,null,null,
1009211,Bucky,22273,null,
1011038,Bug,22433,null,
1010887,Bulldozer,17496,null,
1009212,Bullseye,12695,null,
1009213,Bushwacker,8239,null,
1011101,Butterfly,null,null,
1009214,Cable,39772,null,
1017317,Cable (Deadpool),null,null,
1017307,Cable (Marvel: Avengers Alliance),null,null,
1011252,Cable (Ultimate),null,null,
1017472,Cable (X-Men: Battle of the Atom),null,null,
1011209,Calamity,null,null,
1009216,Caliban,7390,null,
1009217,Callisto,10550,null,
1010912,Callisto (Age of Apocalypse),null,null,
1009218,Calypso,8308,null,
1011139,Cammi,null,null,
1009219,Cannonball,23645,null,
1011276,Cap'n Oz,null,William was born into the ClanDestine making him a creature that is part magic.  After events surrounding the death of his brother Vincent he moved to Australia where he started an acting career as the superhero Cap'n Oz.,
1009220,Captain America,17741,Vowing to serve his country any way he could young Steve Rogers took the super soldier serum to become America's one-man army. Fighting for the red white and blue for over 60 years Captain America is the living breathing symbol of freedom and liberty.,
1010914,Captain America (House of M),2420,null,
1017295,Captain America (LEGO Marvel Super Heroes),null,null,
1017327,Captain America (Marvel War of Heroes),null,null,
1017575,Captain America (Sam Wilson),40285,"<p class=""Body"">Sam Wilson a Harlem native previously operated under the name Falcon fighting alongside the Avengers. When his longtime friend Steve Rogers stepped down as Captain America Wilson was hand-picked to fill the role. Now the former Falcon soars through the skies wearing red white and blue.</p>",
1010913,Captain America (Ultimate),18481,null,
1017105,Captain America/Steve Rogers (MAA),null,During World War II Steve Rogers enlisted in the military and was injected with a super-serum that turned him into super-soldier Captain America! He's a skilled strategist and even more skilled with his shield but it's his courage and good heart that makes Captain America both a leader and a true hero. ,
1009223,Captain Britain,30090,null,
1010915,Captain Britain (Ultimate),null,null,
1011190,Captain Cross,null,null,
1011196,Captain Flint,23468,null,
1010338,Captain Marvel (Carol Danvers),24348,null,
1011096,Captain Marvel (Genis-Vell),null,null,
1009224,Captain Marvel (Mar-Vell),5844,null,
1011095,Captain Marvel (Monica Rambeau),null,null,
1011097,Captain Marvel (Phyla-Vell),null,null,
1011355,Captain Midlands,null,null,
1009225,Captain Stacy,null,NYPD Captain George Stacy was the father of one-time Peter Parker girlfriend Gwen Stacy.,
1011027,Captain Universe,30303,null,
1011052,Cardiac,11982,null,
1010143,Caretaker,20174,null,
1009226,Cargill,8570,null,
1011258,Carlie Cooper,20963,null,
1009688,Carmella Unuscione,8656,Carmella Unuscione was one of the first members of the Magneto's Acolytes.,
1009227,Carnage,6809,null,
1010916,Carnage (Ultimate),5218,null,
1009261,Carol Danvers,null,null,
1009344,Carol Hines,null,null,
1009478,Cassandra Nova,null,null,
1009230,Catseye,10368,null,
1009536,Cecilia Reyes,13930,null,
1010813,Celestials,8549,null,
1011039,Centennial,1647,null,
1011140,Centurions,null,null,
1009231,Cerebro,1119,null,
1011141,Cerise,8653,null,
1009232,Ch'od,3631,null,
1009233,Chamber,20731,null,
1009234,Chameleon,6788,null,
1010756,Champions,3380,null,
1011015,Changeling,null,null,
1009733,Charles Xavier,null,null,
1011331,Charlie Campion,null,null,
1010754,Chase Stein,1678,Chase Stein is the son of mad scientists Victor and Janet Stein and is the tech genius of the Runaways.,
1011359,Chat,null,null,
1009237,Chimera,14222,null,
1011411,Chores MacGillicudy,16534,null,
1011187,Christian Walker,29007,null,
1009238,Chronomancer,20618,null,
1011270,ClanDestine,23287,null,
1009239,Clea,20266,null,
1014999,Clea (Ultimate),15771,null,
1010809,Clint Barton,null,null,
1009241,Cloak,35501,null,
1010823,Cloud 9,30885,null,
1011286,Cobalt Man,12531,null,
1010676,Colleen Wing,3203,Colleen Wing was raised in Japan by her grandfather Kanji Ozawa who taught her the ways of a samurai in which she became highly skilled after which she teamed up with Misty Knight at the behest of Tony Stark as a new Heroes for Hire tasked with capturing superhumans who have not registered.,
1010798,Colonel America,null,null,
1009243,Colossus,17701,null,
1010917,Colossus (Ultimate),40811,null,
1011410,Confederates of the Curious,16534,null,
1009245,Constrictor,17713,null,
1011407,Contessa (Vera Vidal),16534,null,
1010346,Controller,37772,null,
1009246,Cornelius,null,null,
1009247,Corsair,20566,null,
1011353,Cosmo (dog),39982,null,
1011362,Cottonmouth,null,null,
1009249,Count Nefaria,12788,null,
1009250,Countess,5280,null,
1011272,Crimson Crusader,null,null,
1009251,Crimson Dynamo,12407,null,
1017323,Crimson Dynamo (Iron Man 3 - The Official Game),null,null,
1011169,Crimson King,null,null,
1009252,Crossbones,35423,null,
1009253,Crule,17965,null,
1009254,Crusher Hogan,10785,null,
1014991,Crusher Hogan (Ultimate),14857,null,
1009255,Crystal,12725,null,
1011268,Cuckoo,null,null,
1009244,Curt Conners,null,null,
1011174,Cuthbert,null,null,
1009256,Cyber,14202,null,
1009257,Cyclops,17701,null,
1010918,Cyclops (Ultimate),15770,null,
1017473,Cyclops (X-Men: Battle of the Atom),null,null,
1011385,Cypher,40170,null,
1011050,D'Ken Neramani,null,null,
1009258,Dagger,35501,null,
1010774,Daily Bugle,16890,null,
1010719,Daimon Hellstrom,5600,null,
1011001,Daken,26243,null,
1011333,Dakota North,null,null,
1009259,Damage Control,10096,null,
1009453,Dani Moonstar,8556,null,
1010776,Danny Rand,null,null,
1009262,Daredevil,29317,"Abandoned by his mother Matt Murdock was raised by his father boxer ""Battling Jack"" Murdock in Hell's Kitchen. Realizing that rules were needed to prevent people from behaving badly young Matt decided to study law; however when he saved a man from an oncoming truck it spilled a radioactive cargo that rendered Matt blind while enhancing his remaining senses. Under the harsh tutelage of blind martial arts master Stick Matt mastered his heightened senses and became a formidable fighter.",
1017292,Daredevil (LEGO Marvel Super Heroes),null,null,
1017312,Daredevil (Marvel Heroes),null,null,
1010919,Daredevil (Ultimate),1011,null,
1011306,Dargo Ktor,11768,null,
1011367,Dark Avengers,24252,null,
1010907,Dark Beast,35300,null,
1009265,Dark Phoenix,20731,null,
1011387,Dark X-Men,28687,null,
1011020,Darkhawk,17490,null,
1009266,Darkstar,17526,null,
1011016,Darwin,null,null,
1009267,Dazzler,12725,null,
1010920,Dazzler (Ultimate),null,null,
1010341,Deacon Frost,null,null,
1011087,Dead Girl,17971,null,
1009268,Deadpool,41112,null,
1017316,Deadpool (Deadpool),null,null,
1017336,Deadpool (LEGO Marvel Super Heroes),null,null,
1017474,Deadpool (X-Men: Battle of the Atom),null,null,
1009269,Death,8136,null,
1009270,Deathbird,7051,null,
1011037,Deathcry,16191,null,
1010890,Deathlok,24967,&nbsp;,
1014997,Deathstrike (Ultimate),2116,null,
1009713,Debra Whitman,null,null,
1010717,Debrii,2408,null,
1011188,Deena Pilgrim,29007,null,
1011023,Defenders,16655,null,
1011071,Demogoblin,10025,Jason Macendale the newest Hobgoblin was down on his luck and offered the demon N'astirh his soul in exchange for power during the  Inferno crisis turning him into the Demogoblin.,
1009271,Destiny,6929,null,
1009272,Detective Soap,null,null,
1011107,Deviants,30510,null,
1017583,Devil Dinosaur (Devil Dinosaur),null,null,
1017102,Devil Dinosaur (HAS),null,They say a dog is man's best friend so naturally Hulk's best friend is a T-Rex! Devil Dinosaur is the team's trusty prehistoric pet that occasionally lends his massive jaws to the fight. Although he's got tiny arms Devil's got a big heart and an even bigger bite!,
1011142,Devos,null,null,
1011260,Dexter Bennett,24414,null,
1009273,Diablo,24413,null,
1009274,Diamondback (Rachel Leighton),37255,null,
1011040,Dinah Soar,8463,null,
1010997,Dirk Anger,null,null,
1009275,Doc Samson,17524,null,
1009281,Doctor Doom,1875,null,
1011103,Doctor Doom (Ultimate),23217,null,
1011206,Doctor Faustus,null,null,
1009276,Doctor Octopus,37255,null,
1010921,Doctor Octopus (Ultimate),5934,null,
1010689,Doctor Spectrum,7339,null,
1009282,Doctor Strange,29317,null,
1011358,Doctor Strange (Ultimate),15771,null,
1011235,Dog Brother #1,17393,null,
1009277,Domino,7415,null,
1010330,Donald Blake,36551,null,
1009278,Doomsday Man,17497,null,
1009279,Doop,43504,null,
1010879,Doorman,8463,null,
1011195,Dorian Gray,null,null,
1009280,Dormammu,6970,null,
1014992,Dormammu (Ultimate),15771,null,
1017300,Dr. Strange (Marvel: Avengers Alliance),null,null,
1010677,Dracula,38242,null,
1011247,Dragon Lord,2523,null,
1009283,Dragon Man,35509,null,
1010735,Drax,4836,null,
1010368,Dreadnoughts,null,null,
1015007,Dreaming Celestial,5073,null,
1011322,Druig,null,null,
1009284,Dum Dum Dugan,22433,null,
1009285,Dust,5451,null,
1009286,Earthquake,15916,null,
1010785,Echo,15694,null,
1010787,Eddie Brock,null,null,
1009396,Eddie Lau,null,null,
1010999,"Edward ""Ted"" Forrester",16190,null,
1011072,Edwin Jarvis,35509,null,
1011060,Ego,32771,null,
1009287,Electro,13519,null,
1010922,Electro (Ultimate),14838,null,
1009288,Elektra,29749,null,
1010923,Elektra (Ultimate),1011,null,
1010355,Elements of Doom,null,null,
1009290,Elite,null,null,
1011082,Elixir,23971,null,
1011122,Elloe Kaifi,null,null,
1010701,Elsa Bloodstone,31252,null,
1009310,Emma Frost,660,null,
1009291,Empath,10368,null,
1009292,Emplate,12371,null,
1010671,Enchantress (Amora),19821,null,
1011432,Enchantress (Sylvie Lushton),33566,null,
1011313,Ender Wiggin,37141,null,
1010445,Energizer,13736,null,
1011065,Epoch,null,null,
1009293,Erik the Red,2218,null,
1010807,Eternals,5998,null,
1011061,Eternity,16922,null,
1010771,Excalibur,648,null,
1009294,Exiles,24018,null,
1009295,Exodus,7405,null,
1009296,Expediter,null,null,
1011199,Ezekiel,413,null,
1011317,Ezekiel Stane,21416,null,
1009248,Fabian Cortez,null,null,
1009297,Falcon,16889,With a mental connection to all birds and a suit that gives him wings to fly The Falcon has been both the partner to Captain America and an Avenger himself. Whether as a super hero or in his secret identity of social worker Sam Wilson The Falcon dedicates his life to standing up for others.,
1017110,Falcon/Sam Wilson (MAA),null,Recruited from S.H.I.E.L.D. by his hero and mentor Tony Stark Falcon is the Avengers' newest and youngest recruit. Like Tony Sam is a genius with machines and technology. What he lacks in experience Sam makes up in enthusiasm and determination. Falcon's suit of armor comes fully stocked with holographic wings explosive flechettes and retractable talons.,
1011143,Fallen One,null,null,
1009298,Famine,13835,null,
1009299,Fantastic Four,356,After being exposed to cosmic rays Reed Richards Susan Storm Ben Grimm and Johnny Storm found they had amazing new powers. Reed Richards found he has the ability to stretch his body in any way he wanted while Susan Storm can turn herself objects and other people invisible. Ben Grimm transformed into a rocky super-strong behemoth and Johnny Storm has the ability to set himself on fire. Dubbed the Fantastic Four Mr. Fantastic Invisible Woman Thing and the Human Torch are Marvel's First Family.,
1011013,Fantastic Four (Ultimate),23217,null,
1011111,Fantastick Four,null,null,
1009301,Fantomex,5451,null,
1011233,Fat Cobra,16158,null,
1009335,Felicia Hardy,null,null,
1009302,Fenris,9689,null,
1011213,Feral,23514,null,
1009303,Fin Fang Foom,36652,null,
1010868,Firebird,17490,null,
1009304,Firebrand,37802,null,
1014987,Firedrake,null,null,
1009305,Firelord,17754,null,
1009306,Firestar,12668,null,
1011222,Firestar (Ultimate),30611,null,
1010880,Fixer (Paul Norbert Ebersol),33346,null,
1010863,Flatman,8463,null,
1010333,Flying Dutchman,null,null,
1009470,Foggy Nelson,17508,null,
1009307,Force Works,9563,null,
1009308,Forearm,8568,null,
1009309,Forge,12754,null,
1014993,Forge (Ultimate),15718,null,
1011177,Forgotten One,null,null,
1009229,Frank Castle,null,null,
1011356,Frankenstein's Monster,38861,null,
1009539,Franklin Richards,39019,The son of Reed Richards and Susan Storm of the Fantastic Four Franklin may one day be the most powerful person on Earth. Right now he's the son of a genius who finds adventure and fun around every corner.,
1010980,Franklin Storm,null,Franklin Storm was the father of Susan and Johnny Storm.,
1011240,Freak,20825,null,
1010799,Frightful Four,31071,null,
1011389,Frog Thor,36652,null,
1010670,Frog-Man,39753,null,
1009377,Gabe Jones,null,null,
1009312,Galactus,12638,null,
1011384,Galia,null,null,
1009313,Gambit,43498,null,
1011201,Gamma Corps,null,null,
1010763,Gamora,43305,null,
1017324,Gamora (Marvel War of Heroes),null,null,
1010832,Gargoyle,37192,null,
1012513,Gargoyle (Yuri Topolov),null,null,
1011380,Garia,null,null,
1009383,Garrison Kane,7412,null,
1009315,Gateway,13770,null,
1009316,Gauntlet (Joseph Green),30885,null,
1011248,Geiger,null,null,
1009556,Gene Sailors,null,null,
1011285,Generation X,22085,null,
1009317,Genesis,14220,null,
1011098,Genis-Vell,null,null,
1014974,George Stacy (Ultimate),14879,null,
1010749,Gertrude Yorkes,1979,null,
1010925,Ghost Rider (Daniel Ketch),39018,null,
1009318,Ghost Rider (Johnny Blaze),38524,null,
1017329,Ghost Rider (Marvel War of Heroes),null,null,
1011221,Giant Girl,17621,null,
1009320,Giant Man,40255,null,
1010720,Giant-dok,null,null,
1010926,Giant-Man (Ultimate),39576,null,
1011055,Gideon,23514,null,
1014982,Git Hoskins,null,null,
1009321,Gladiator (Kallark),38642,null,
1011256,Gladiator (Melvin Potter),null,null,
1009645,Glenn Talbot,7341,Major Glenn Talbot was member of United States Air Force United States Army and Hulkbusters.,
1011144,Glorian,null,null,
1009322,Goblin Queen,13780,null,
1011374,Golden Guardian,null,null,
1010927,Goliath (Bill Foster),7352,null,
1009324,Gorgon,17755,null,
1010731,Gorilla Man,23659,null,
1011076,Grandmaster,5045,null,
1010702,Gravity,30885,null,
1011041,Great Lakes Avengers,1858,null,
1014985,Green Goblin (Barry Norman Osborn),null,null,
1010928,Green Goblin (Harry Osborn),null,null,
1010929,Green Goblin (Ultimate),17213,null,
1009326,Gressill,null,null,
1011420,Grey Gargoyle,41022,null,
1011292,Greymalkin,null,null,
1009328,Grim Reaper,17763,null,
1010743,Groot,16191,null,
1009330,Guardian,12679,null,
1011299,Guardians of the Galaxy,20333,A group of cosmic adventurers brought together by Star-Lord the  Guardians of the Galaxy protect the universe from threats all  across space. The team also includes Drax Gamora Groot and Rocket  Raccoon!,
1009331,Guardsmen,null,null,
1010709,Gunslinger,null,null,
1009207,GW Bridge,null,null,
1009619,Gwen Stacy,37902,Peter Parker's first true love Gwen Stacy was killed during a rescue attempt by Spider-Man the guilt from which Peter has never overcome.,
1014994,Gwen Stacy (Ultimate),38400,null,
1011400,H.A.M.M.E.R.,27543,null,
1009332,H.E.R.B.I.E.,null,null,
1011391,Hairball,36652,null,
1009333,Half-Life (Tony Masterson),null,null,
1009334,Hammerhead,6547,null,
1014995,Hammerhead (Ultimate),15703,null,
1011490,Hank Pym,24348,ull!,
1011091,Hannibal King,null,null,
1009348,Happy Hogan,null,null,
1010821,Hardball,15976,null,
1011185,Harley Davidson Cooper,null,null,
1009336,Harpoon,13751,null,
1011069,Harrier,null,null,
1009339,Harry Heck,null,null,
1009486,Harry Osborn,1409,null,
1011218,Harry Osborn (Ultimate),14846,null,
1010816,Hate-Monger (Adolf Hitler),27760,null,
1009337,Havok,17701,null,
1009338,Hawkeye,43498,null,
1010808,Hawkeye (Kate Bishop),37421,null,
1017311,Hawkeye (Marvel Heroes),null,null,
1011131,Hawkeye (Ultimate),36129,null,
1017108,Hawkeye/Clint Barton (MAA),null,Hawkeye is an expert archer with an attitude just as on-target as his aim. His stealth combat experience and his ability to hit any target with any projectile make him a valuable member of the Avengers. However he refuses to let things get too serious as he has as many jokes as he does arrows!,
1011046,Hedge Knight,16224,null,
1010351,Hellcat (Patsy Walker),17751,null,
1009340,Hellfire Club,4253,null,
1014996,Hellfire Club (Ultimate),15715,null,
1010678,Hellion,27451,null,
1011044,Hellions (Squad),2440,null,
1009341,Hemingway,13866,null,
1011371,Henry Peter Gyrich,7048,null,
1009342,Hepzibah,3631,null,
1009343,Hercules,12650,null,
1010759,Heroes For Hire,3203,null,
1011274,Hex,null,null,
1011300,High Evolutionary,16897,null,
1010839,Hindsight Lad,null,null,
1010703,Hiroim,5671,null,
1009345,Hitman,6565,null,
1011383,Hitomi Sakuma,null,null,
1010930,Hobgoblin (Jason Macendale),null,null,
1010931,Hobgoblin (Robin Borne),null,null,
1009347,Hobgoblin (Roderick Kingsley),5997,null,
1009349,Holocaust (Age of Apocalypse),1489,null,
1009350,Holy,null,null,
1011428,Hope Summers,42332,null,
1009557,Howard Saint,null,null,
1010373,Howard The Duck,38861,null,
1009351,Hulk,41112,Caught in a gamma bomb explosion while trying to save the life of a teenager Dr. Bruce Banner was transformed into the incredibly powerful creature called the Hulk. An all too often misunderstood hero the angrier the Hulk gets the stronger the Hulk gets.,
1017098,Hulk (HAS),null,The Hulk is the biggest strongest smashing-est hero in the Marvel Universe - the green glue that holds his crazy family-like team together. Hulk loves saving the world by smashing every alien sea creature and planet (literally) that tries to destroy it. He is the star of his best bud A-Bomb's web series and just wants to show people his good intentions!,
1017333,Hulk (LEGO Marvel Super Heroes),null,null,
1011118,Hulk (Marvel Zombies),null,null,
1017303,Hulk (Marvel: Avengers Alliance),null,null,
1011005,Hulk (Ultimate),38944,null,
1010721,Hulk-dok,null,null,
1017107,Hulk/Bruce Banner (MAA),null,Scientist Bruce Banner was transformed into the Hulk as a result to gamma radiation exposure. Over 8 feet tall and weighing 1040 pounds it's Hulk's strength that makes him the strongest hero in the Marvel Universe! Hulk smashes all threats that dare disturb the peace and friendship he has found in the Avengers. ,
1009355,Hulkling,37421,null,
1010343,Human Cannonball,9281,null,
1011415,Human Fly (Richard Deacon),null,null,
1010722,Human Robot,6318,null,
1009356,Human Torch,892,null,
1010932,Human Torch (Jim Hammond),36117,null,
1011102,Human Torch (Ultimate),23217,null,
1010675,Humbug,5848,null,
1009357,Husk,13858,null,
1009358,Hussar,15916,null,
1009359,Hydra,2069,null,
1009360,Hydro-Man,13146,null,
1009361,Hyperion (Earth-712),17534,null,
1011246,Hypno-Hustler,35880,null,
1009362,Iceman,37896,null,
1010933,Iceman (Ultimate),40811,null,
1017475,Iceman (X-Men: Battle of the Atom),null,null,
1011077,Ikaris,null,null,
1010758,Illuminati,46337,null,
1009529,Ilyana Rasputin,null,null,
1011273,Imp,null,null,
1011089,Imperfects,null,null,
1009363,Imperial Guard,15573,null,
1009364,Impossible Man,39443,null,
1011063,In-Betweener,17546,null,
1011064,Inertia,3908,null,
1011146,Infant Terrible,null,null,
1009365,Inhumans,23245,null,
1011293,Ink,37491,null,
1011024,Invaders,1357,null,
1009366,Invisible Woman,892,null,
1017301,Invisible Woman (Marvel: Avengers Alliance),null,null,
1010934,Invisible Woman (Ultimate),23217,null,
1011379,Iron Cross Army,null,null,
1011318,Iron Fist (Bei Bang-Wen),21394,null,
1009367,Iron Fist (Danny Rand),43504,null,
1010888,Iron Fist (Orson Randall),20689,null,
1011413,Iron Fist (Quan Yaozu),24166,null,
1016839,Iron Fist (USM),null,"Danny is always focused yet relaxed - more Zen-focused than chill surfer dude. But when Danny turns into Iron First he becomes very rigid with perfect posture. A very Yin/Yang character. ,
,,,,
,,,,
,,,,
,,,,
1011412,Iron Fist (Wu Ao-Shi),15864,null,
1010704,Iron Lad,37421,null,
1009368,Iron Man,24348,Wounded captured and forced to build a weapon by his enemies billionaire industrialist Tony Stark instead created an advanced suit of armor to save his life and escape captivity. Now with a new outlook on life Tony uses his money and intelligence to make the world a safer better place as Iron Man.,
1017320,Iron Man (Iron Man 3 - The Official Game),null,null,
1017294,Iron Man (LEGO Marvel Super Heroes),null,null,
1017310,Iron Man (Marvel Heroes),null,null,
1017326,Iron Man (Marvel War of Heroes),null,null,
1010935,Iron Man (Ultimate),36129,null,
1017104,Iron Man/Tony Stark (MAA),null,Tony Stark is the genius inventor/billionaire/philanthropist owner of Stark Industries. With his super high-tech Iron Man suit he is practically indestructible able to fly and has a large selection of weapons to choose from - but it's Tony's quick thinking and ability to adapt and improvise that make him an effective leader of the Avengers.        ,
1009371,Iron Monger,null,null,
1009487,Iron Patriot,null,null,
1009538,Iron Patriot (James Rhodes),39896,"U.S. Air Force pilot and Tony Stark's friend who has his own suit of Iron Man armor nicknamed ""War Machine.""",
1010844,Ironclad,null,null,
1009372,J. Jonah Jameson,30885,null,
1010736,Jack Flag,null,null,
1010786,Jack Murdock,null,null,
1010766,Jack O' Lantern,null,null,
1011251,Jack Power,null,null,
1011288,Jackal,30322,null,
1011259,Jackpot,17581,null,
1010775,James Buchanan Barnes,null,null,
1010777,James Howlett,null,null,
1011343,Jamie Braddock,35296,null,
1010329,Jane Foster,17498,null,
1010878,"Janus, the Nega-Man",null,null
1009597,Jasper Sitwell,17515,null,
1011344,Jazinda,null,null,
1009496,Jean Grey,6965,null,
1009327,Jean Grey,41193,null,
1010946,Jean Grey (Ultimate),15770,null,
1009604,Jennifer Smith,null,null,
1011404,Jeryn Hogarth,17258,null,
1010667,Jessica Drew,null,null,
1009378,Jessica Jones,37255,null,
1009373,Jetstream,13822,null,
1009374,Jigsaw,6580,null,
1011105,Jimmy Woo,6318,Jimmy Woo is a former FBI and SHIELD agent from the '50s who now leads the Agents of Atlas in the present.,
1009375,Joan the Mouse,null,null,
1009376,Jocasta,7057,null,
1011171,John Farson,null,null,
1010812,John Jameson,null,null,
1009500,John Porter,null,null,
1009721,John Wraith,null,A mutant with teleportation powers Wraith served with Wolverine Sabretooth Maverick and Silver Fox in Team X a covert operations unit formed by Weapon X.,
1009196,Johnny Blaze,null,null,
1009630,Johnny Storm,null,null,
1009380,Joseph,39737,null,
1010938,Joshua Kane,null,null,
1010937,Josiah X,20499,null,
1011033,Joystick,1738,null,
1009381,Jubilee,20731,null,
1010936,Jubilee (Age of Apocalypse),null,null,
1009382,Juggernaut,23252,null,
1010772,Jule Carpenter,null,null,
1010679,Julian Keller,null,null,
1011314,Junta,20497,null,
1010760,Justice,17490,null,
1011310,Justin Hammer,null,null,
1011081,Ka-Zar,16889,null,
1011193,Kabuki,586,null,
1009384,Kang,12653,null,
1014983,Karen O'Malley,null,null,
1011357,Karen Page,15620,null,
1011386,Karma,40802,null,
1009385,Karnak,37287,null,
1010752,Karolina Dean ,1678,null,
1010783,Kat Farrell,15855,null,
1010810,Kate Bishop,null,null,
1011250,Katie Power,null,null,
1011319,Ken Ellis,null,Former Daily Bugle and current DB! reporter Ken Ellis first made a splash during the public debut of Ben Reilly as the Scarlet Spider providing the new costumed hero with his name following a pitched battle with Venom.,
1009386,Khan,null,null,
1010893,Kid Colt,25599,null,
1011397,Killer Shrike,null,null,
1011289,Killmonger,null,null,
1011116,Killraven,23254,null,
1009388,King Bedlam,18057,null,
1010842,King Cobra,null,null,
1009389,Kingpin,5997,null,
1011308,Kinsey Walden,null,null,
1009508,Kitty Pryde,660,null,
1017476,Kitty Pryde (X-Men: Battle of the Atom),null,null,
1009390,Klaw,17762,null,
1010818,Komodo (Melati Kusuma),15869,null,
1011147,Korath,null,null,
1011080,Korg,4446,null,
1011312,Korvac,29214,null,
1009391,Kraven the Hunter,6488,null,
1011148,Kree,22292,null,
1015017,Krista Starr,null,null,
1011178,Kronos,null,null,
1011029,Kulan Gath,17510,null,
1011058,Kylun,null,null,
1009392,La Nuit,17961,null,
1011327,Lady Bullseye,36788,null,
1009393,Lady Deathstrike,12695,null,
1011014,Lady Mastermind,null,null,
1014977,Lady Ursula,null,null,
1014976,Lady Vermin,null,null,
1009394,Lake,null,null,
1009395,Landau,null,null,
1009397,Lava-Man,null,null,
1011100,Layla Miller,21211,null,
1009398,Leader,8557,null,
1011092,Leech,35509,null,
1009399,Legion,12754,null,
1011403,"Lei Kung, The Thunderer",15864,null
1009166,Lenny Balinger,null,null,
1011186,Leo (Zodiac),null,null,
1010340,Leopardon,null,null,
1011375,Leper Queen,null,null,
1014988,Lester,null,null,
1011421,Lethal Legion,39772,null,
1010977,Lieutenant Marcus Stone,11779,null,
1009401,Lifeguard,15056,null,
1011408,Lightning Lords of Nepal,16534,null,
1010450,Lightspeed,15848,null,
1009236,Lila Cheney,10361,null,
1009402,Lilandra,17518,null,
1011074,Lilith,23299,null,
1011257,Lily Hollister,23078,null,
1010337,Lionheart,null,null,
1010854,Living Lightning,17490,null,
1011036,Living Mummy,7742,null,
1011059,Living Tribunal,5084,null,
1009403,Liz Osborn,22865,null,
1009404,Lizard,6879,null,
1010939,Lizard (Ultimate),15769,null,
1011414,Loa,30344,null,
1009405,Lockheed,38,null,
1009406,Lockjaw,6965,null,
1010363,Logan,null,null,
1009407,Loki,43504,null,
1017299,Loki (LEGO Marvel Super Heroes),null,null,
1010768,Loners,15848,null,
1009408,Longshot,12725,null,
1010940,Longshot (Ultimate),null,null,
1011145,Lord Hawal,null,null,
1014980,Lord Tyger,null,null,
1011283,Lords of Avalon,6168,null,
1009260,Lorna Dane,null,null,
1009409,Luckman,null,null,
1011405,Lucky Pierre,16534,null,
1010751,Lucy in the Sky,null,null,
1009215,Luke Cage,37255,null,
1011200,Luminals,null,null,
1010896,Lyja,16003,null,
1011068,M (Monet St. Croix),3046,null,
1011004,M.O.D.A.M.,12789,null,
1011320,M.O.D.O.G.,null,null,
1010726,M.O.D.O.K.,23645,null,
1017321,M.O.D.O.K. (Iron Man 3 - The Official Game),null,null,
1009418,Ma Gnuci,null,null,
1009314,Mac Gargan,null,null,
1010851,Mach IV,2222,null,
1010805,Machine Man,17490,null,
1009411,Mad Thinker,24420,null,
1009412,Madame Hydra,null,null,
1010352,Madame Masque,29931,null,
1010796,Madame Web (Julia Carpenter),null,null,
1010724,Maddog,5997,null,
1009509,Madelyne Pryor,2371,null,
1011205,Madripoor,null,null,
1009413,Madrox,829,null,
1011053,Maelstrom,33864,null,
1011328,Maestro,null,null,
1010867,Magdalene,17490,null,
1009414,Maggott,13886,null,
1010942,Magik (Amanda Sefton),36504,null,
1009415,Magik (Illyana Rasputin),41189,null,
1011135,Maginty,null,null,
1009416,Magma (Amara Aquilla),19630,null,
1009417,Magneto,12676,null,
1010944,Magneto (Age of Apocalypse),38523,null,
1010945,Magneto (House of M),2420,null,
1010943,Magneto (Ultimate),18474,null,
1017477,Magneto (X-Men: Battle of the Atom),null,null,
1010904,Magus (Adam Warlock),39980,null,
1011364,Magus (Technarch),37592,null,
1011085,Major Mapleleaf,1647,null,
1010725,Makkari,4311,null,
1009242,Malcolm Colcord,null,null,
1011229,Malice (Earth-161),null,null,
1009420,Man-Thing,8090,null,
1010811,Man-Wolf,6788,null,
1009421,Mandarin,7451,null,
1011243,Mandrill,null,null,
1009422,Mandroid,1587,null,
1009423,Manta,1587,null,
1011026,Mantis,16191,null,
1009424,Marauders,29474,null,
1015018,Marcus Van Sciver,null,null,
1011335,Maria Hill,30885,null,
1009735,Mariko Yashida,39443,Mariko Yashida was the daughter of Japanese crimelord Lord Shingen leader of Clan Yashida and one-time fiance of Wolverine.,
1009425,Marrow,17491,null,
1011173,Marten Broadcloak,null,null,
1011263,Martin Li,null,null,
1011350,Marvel Apes,22927,null,
1009427,Marvel Boy,6318,null,
1011002,Marvel Zombies,4812,null,
1011417,Marvex,21152,null,
1009708,Mary Jane Watson,37895,Mary Jane Watson was the guiding light in Peter Parker's life and their love had overcome countless obstacles.,
1010993,Mary Jane Watson (House of M),1409,Mary Jane Watson always wanted to be an actress but all the roles seemed to go to mutants until her former high school friend and world famous performer Peter Parker asked her to play his love interest in his newest movie upon the release of which made her America's sweetheart and one of the only human movies stars able to launch her own solo projects.,
1011203,Mary Jane Watson (Ultimate),38400,null,
1010869,Masked Marvel (Unrevealed),5993,null,
1010367,Masque,17515,null,
1010732,Master Chief,33836,null,
1009433,Master Mold,1147,null,
1009434,Mastermind,23249,null,
1011279,Masters of Evil,7343,null,
1010877,Mathemanic,null,null,
1009677,Matsu'o Tsurayaba,null,Tsurayaba became leader of a faction of the ninja clan the Hand finding himself at odds with his lover Kwannon who was an assassin for rival crimelord Nyoirin.,
1009463,Matthew Murdock,null,null,
1010793,Mattie Franklin,null,null,
1009436,Mauler,12653,null,
1010947,Maverick (Chris Bradley),null,null,
1009437,Maverick (Christoph Nord),null,null,
1011305,Maximus,null,null,
1009490,May Parker,37895,null,
1009438,Medusa,6882,null,
1011399,Meggan,37590,null,
1009439,Meltdown,7452,When Tabitha Smith's mutant nature manifested at age 13 she ran away from her abusive home before eventually hooking up with the New Mutants and subsequently X-Force.,
1011241,Menace,17581,null,
1011099,Mentallo,38316,null,
1011184,Mentor,null,null,
1009440,Mephisto,12411,null,
1009441,Mephistopheles,null,null,
1010681,Mercury,5213,null,
1009442,Mesmero,6602,null,
1009443,Metal Master,null,null,
1010361,Meteorite,37489,null,
1011340,MI: 13,null,null,
1009444,Micro/Macro,null,null,
1010690,Microbe,2072,null,
1011134,Microchip,22181,null,
1010871,Micromax,17530,null,
1010891,Midnight (Earth-811),null,null,
1010924,Miek,3955,null,
1009530,Mikhail Rasputin,null,null,
1011192,Millenium Guard,null,null,
1010894,Millie the Model,19167,null,
1009445,Mimic,8588,null,
1011204,Mindworm,null,null,
1013727,Miracleman,null,"Michael Moran has a superhuman alter ego. By saying the trigger word ""Kimota!"" Michael turns into Miracleman! But is the good of being Miracleman enough to outweigh the cost?",
1011424,Miss America,12565,null,
1009446,Mister Fear,20635,null,
1009447,Mister Sinister,43504,null,
1017318,Mister Sinister (Deadpool),null,null,
1010948,Mister Sinister (House of M),null,null,
1011254,Mister Sinister (Ultimate),null,null,
1010682,Misty Knight,3203,null,
1011220,Mockingbird,32217,null,
1009410,Moira MacTaggert,20731,null,
1010941,Moira MacTaggert (Ultimate),null,null,
1009448,Mojo,29317,null,
1009449,Mole Man,6975,null,
1011019,Molecule Man,null,null,
1010691,Molly Hayes,6188,null,
1009541,Molly Von Richtofen,null,null,
1011370,Molten Man,22865,null,
1010876,Mongoose,11719,null,
1009450,Mongu (Unrevealed),null,null,
1010331,Monster Badoon,null,null,
1009452,Moon Knight,6617,null,
1010949,Moon Knight (House of M),null,null,
1014998,Moon Knight (Ultimate),2185,null,
1009451,Moondragon,4836,null,
1010362,Moonstone,37071,null,
1009454,Morbius,6485,null,
1010902,Mordo,null,null,
1009455,Morg,15102,null,
1009623,Morgan Stark,37769,null,
1011008,Morlocks,17954,null,
1011088,Morlun,3020,null,
1009456,Morph,16315,null,
1009457,Mother Askani,7437,null,
1009458,Mr. Bumpo,null,null,
1009459,Mr. Fantastic,892,null,
1010950,Mr. Fantastic (Ultimate),23217,null,
1010900,Mr. Fish,null,null,
1009460,Mr. Fixit,14427,null,
1010347,Mr. Hyde,6630,null,
1010840,Mr. Immortal,8463,null,
1014984,Mr. Meugniot,null,null,
1011244,Mr. Negative,22263,null,
1009461,Mr. Payback,null,null,
1009462,Mr. X,7652,null,
1017577,Ms. Marvel (Kamala Khan),49089,A Muslim-American teenager growing up in Jersey City Kamala Khan gained shape-shifting powers when Inhumanity spread over the Earth. A fan of super heroes in particular Carol Danvers Kamala took up Captain Marvel's former identity becoming the new Ms. Marvel. This up and coming hero works to protect her community and understand her place in the world.,
1011372,MS2,null,null,
1011210,Mulholland Black,null,null,
1011056,Multiple Man,37881,null,
1010826,MVP,20877,null,
1009464,Mysterio,6529,null,
1010951,Mysterio (Daniel Berkhart),null,null,
1010952,Mysterio (Francis Klum),5083,null,
1009465,Mystique,7467,null,
1010953,Mystique (Age of Apocalypse),null,null,
1010954,Mystique (House of M),2521,null,
1011129,Mystique (Ultimate),17378,null,
1009466,Namor,24348,null,
1009468,Namora,6318,null,
1009469,Namorita,17537,null,
1014978,Naoko,null,null,
1009547,Natasha Romanoff,null,null,
1010365,Nebula,13158,null,
1011302,Nehzno,null,null,
1011422,Nekra,null,null,
1011086,Nemesis,1647,null,
1010831,Network,null,null,
1010815,New Goblin,null,null,
1011336,New Mutants,23645,null,
1010683,New Warriors,6798,null,
1011271,New X-Men,null,null,
1011269,Newton Destine,20731,null,
1011303,Next Avengers,null,null,
1010685,Nextwave,null,null,
1009471,Nick Fury,22433,null,
1017298,Nick Fury (LEGO Marvel Super Heroes),null,null,
1011007,Nick Fury (Ultimate),48412,null,
1010746,Nico Minoru,1678,null,
1010706,Nicolaos,5745,null,
1011282,Night Nurse (Earth-9997),null,null,
1010684,Night Thrasher,17494,null,
1009472,Nightcrawler,12637,null,
1011337,Nightcrawler (Ultimate),15765,null,
1010349,Nighthawk,7338,null,
1009473,Nightmare,27547,null,
1011124,Nightshade,null,null,
1011409,Nine-Fold Daughters of Xao,16534,null,
1010797,Nitro,13508,null,
1009474,Nocturne,16315,null,
1009475,Nomad,16246,null,
1011427,Nomad (Rikki Barnes),33346,null,
1010955,Nomad (Steve Rogers),null,null,
1009325,Norman Osborn,23825,null,
1010063,Norrin Radd,null,null,
1009476,Northstar,17701,null,
1009477,Nova,12766,null,
1010956,Nova (Frankie Raye),null,null,
1017078,Nova (Sam Alexander),null,Sam Alexander inherited the role of Nova from his father who went missing mysteriously. The new Human Rocket struggles to become a hero while searching for his dad.,
1016837,Nova (USM),null,"The hyperactive loose cannon of the team. Sam Alexander always feels like he has something to prove. ,
,,,,
,,,,
,,,,
,,,,
,,,,
,,,,
1010707,Nuke,3908,null,
1009620,Obadiah Stane,21590,null,
1009480,Odin,7321,null,
1009481,Ogun,20176,null,
1010882,Old Lace,15071,null,
1010757,Omega Flight,6226,null,
1009482,Omega Red,7470,null,
1011329,Omega Sentinel,null,null,
1011123,Omega the Unknown,17471,null,
1009483,Onslaught,7395,null,
1011255,Onslaught (Ultimate),null,null,
1009484,Oracle,15916,null,
1011202,Ord,723,null,
1009485,Orphan,17962,null,
1010957,Orphan-Maker,null,null,
1009479,Otto Octavius,null,null,
1011228,Outlaw Kid,16973,null,
1010332,Overlord,null,null,
1011028,Owl,19696,null,
1009488,Ozymandias,7457,null,
1011150,Paibok,null,null,
1010873,Paladin,35520,null,
1010708,Pandemic,5778,null,
1011321,Paper Doll,21174,null,
1010357,Patch,null,null,
1009492,Patriot,37421,null,
1011351,Payback,null,null,
1009493,Penance (Robert Baldwin),16897,null,
1009494,Pepper Potts,29749,null,
1009495,Pestilence,12232,null,
1011388,Pet Avengers,36729,null,
1010779,Pete Wisdom,3056,Pete Wisdom is a former agent of the British intelligence agency Black Air which was charged with the observation of and interaction with extranormal activity and he was the agency's liaison with the British superhero group Excalibur whom he eventually aided in exposing Black Air's subversive criminal activities.,
1009491,Peter Parker,null,null,
1010734,Peter Quill,null,null,
1011021,Phalanx,null,null,
1011419,Phantom Reporter,21152,null,
1011369,Phil Sheldon,null,null,
1011045,Photon,17490,null,
1010741,Phyla-Vell,null,null,
1010886,Piledriver,17496,null,
1010762,Pip,23488,null,
1011179,Pixie,39737,null,
1009498,Plazm,17961,null,
1009499,Polaris,7455,null,
1009501,Post,7408,null,
1016840,Power Man (USM),null,"A former street kid whoâ€™s not quite used to the Super Hero world Luke is a no-nonsense tough guy who serves as the emotional heart and big brother of the group. He is fiercely loyal and nearly fearless in battle. ,
,,,,
,,,,
,,,,
,,,,
1010770,Power Pack,29317,null,
1011151,Praxagora,null,null,
1011152,Preak,null,null,
1009502,Pretty Boy,13789,null,
1011104,Pride,37291,null,
1014989,Prima,null,null,
1011234,Prince of Orphans,39767,null,
1010750,Princess Powerful,null,null,
1009503,Prism,13781,null,
1011030,Prodigy,24573,null,
1011153,Proemial Gods,null,null,
1011378,Professor Monster,null,null,
1009504,Professor X,17701,null,
1010958,Professor X (Ultimate),1872,null,
1009505,Proteus,20589,null,
1010960,Proteus (House of M),null,null,
1010959,Proteus (Ultimate),15706,null,
1009506,Proudstar,17376,null,
1009507,Prowler,6899,null,
1010961,Prowler (Rick Lawson),null,null,
1009511,Psycho-Man,892,null,
1009512,Psylocke,38752,null,
1009510,PsyNapse,12285,null,
1009513,Puck,12637,null,
1010962,Puck (Zuzha Yu),1647,null,
1010865,Puff Adder,null,null,
1011165,pug,null,null,
1009514,Puma,10124,null,
1009515,Punisher,41112,null,
1009517,Punisher (2099),1570,null,
1017306,Punisher (Marvel: Avengers Alliance),null,null,
1009519,Puppet Master,7314,null,
1011207,Purifiers,39004,null,
1009520,Purple Man,8134,null,
1009522,Pyro,6929,null,
1009523,Quasar (Phyla-Vell),17271,null,
1010778,Quasar (Wendell Vaughn),4318,null,
1010334,Quasimodo,12411,null,
1011191,Queen Noir,null,null,
1009387,Quentin Quire,null,null,
1009524,Quicksilver,17701,null,
1010964,Quicksilver (Age of Apocalypse),41264,null,
1010963,Quicksilver (Ultimate),36833,null,
1009430,Rachel Grey,8653,null,
1009526,Radioactive Man,17762,null,
1011280,Rafael Vega,null,null,
1010817,Rage,17490,null,
1009527,Raider,null,null,
1009528,Randall,13823,null,
1011326,Randall Flagg,31361,null,
1010767,Random,12310,null,
1010838,Rattler,null,null,
1011154,Ravenous,null,null,
1010892,Rawhide Kid,19821,null,
1009531,Raza,3631,null,
1009532,Reaper,12298,null,
1009533,Reavers,38182,null,
1015000,Reavers (Ultimate),4158,null,
1011249,Red 9,null,null,
1009534,Red Ghost,6620,null,
1011238,Red Ghost (Ultimate),null,null,
1011360,Red Hulk,41817,null,
1017099,Red Hulk (HAS),null,US Army General Thunderbolt Ross used to a be a huge pain in Hulk's you know what! But as the saying goes if you can't beat 'em join 'em! He decided to supersize himself and join the team as Red! Just as cranky as before Red still gives Hulk a hard time but deep down he loves being a part of the Agents of S.M.A.S.H. - that and his Gatling Laser Cannon. ,
1011436,Red She-Hulk,29202,null,
1011155,Red Shift,null,null,
1009535,Red Skull,24371,null,
1010965,Red Skull (Albert Malik),null,null,
1010837,Red Wolf,7333,null,
1011390,Redwing,7341,null,
1011376,Reptil,35533,null,
1011189,Retro Girl,39376,null,
1011330,Revanche,null,null,
1009537,Rhino,17713,null,
1009702,Rhodey,29790,null,
1011401,Richard Fisk,null,null,
1009379,Rick Jones,37255,null,
1015006,Rick Jones (Ultimate),null,null,
1011348,Ricochet,null,null,
1009542,Rictor,7448,null,
1009543,Riptide,13751,null,
1009544,Risque,10880,null,
1009545,Robbie Robertson,37255,null,
1010792,Robert Baldwin ,null,null,
1009235,Robin Chapel,null,null,
1010744,Rocket Raccoon,22433,A genetically-engineered alien with a knack for big guns and fast ships Rocket serves as the backbone of the Guardians of the Galaxy!,
1017314,Rocket Raccoon (Marvel Heroes),null,null,
1010769,Rocket Racer,null,null,
1010692,Rockslide,30344,null,
1009546,Rogue,43495,null,
1010967,Rogue (Age of Apocalypse),32578,null,
1017319,Rogue (Deadpool),null,null,
1010966,Rogue (Ultimate),40811,null,
1017478,Rogue (X-Men: Battle of the Atom),null,null,
1010781,Roland Deschain,33212,null,
1011398,Romulus,null,null,
1010344,Ronan,5655,null,
1011117,Roughhouse,null,null,
1009549,Roulette,13734,null,
1009595,Roxanne Simpson,null,null,
1009311,Rumiko Fujikawa,37802,null,
1010747,Runaways,40248,The teens who became the Runaways found that some family secrets are bigger than others when they witnessed their parents part of a cabal known as the Pride murdering a young girl during a secret sacrificial ritual. ,
1009551,Russian,null,null,
1009552,S.H.I.E.L.D.,24348,null,
1009553,Sabra,8586,Ruth Bat-Seraph is an Israeli national who along with her family was taken to a special community by the Israeli government when her genetic mutation manifested.,
1009554,Sabretooth,40360,null,
1010969,Sabretooth (Age of Apocalypse),47070,null,
1010970,Sabretooth (House of M),null,null,
1010968,Sabretooth (Ultimate),30612,null,
1009555,Sage,5085,null,
1011325,Salem's Seven (Ultimate),null,null,
1011126,Sally Floyd,null,null,
1011156,Salo,null,null,
1009558,Sandman,37901,null,
1010711,Santa Claus,5713,null,
1009559,Saracen (Muzzafar Lambert),null,null,
1009560,Sasquatch (Walter Langkowski),12637,null,
1011035,Satana,30856,null,
1009561,Sauron,20575,null,
1011048,Scalphunter,null,null,
1010861,Scarecrow (Ebenezer Laughton),17550,Realizing the criminal potential of his abilities Umberto stole a flock of trained birds from a fellow performer to assist him in his new costumed criminal guise as the Scarecrow.,
1011197,Scarlet Spider (Ben Reilly),24415,null,
1011426,Scarlet Spider (Kaine),24415,null,
1009562,Scarlet Witch,12651,null,
1010972,Scarlet Witch (Age of Apocalypse),null,null,
1017308,Scarlet Witch (Marvel Heroes),null,null,
1010971,Scarlet Witch (Ultimate),37520,null,
1010790,Scorpion (Carmilla Black),1880,Carmilla Black is a genetically engineered human created by Advanced Idea Mechanics (A.I.M.).,
1011079,Scorpion (Ultimate),38402,null,
1009565,Scourge,16246,null,
1011230,Scrambler,null,Korean national Kim Il Sung was the youngest member of the Marauders the superhuman assassins responsible for massacring the underground mutant community known as the Morlocks.,
1009566,Scream (Donna Diego),null,Out of the five alien symbiotes that were forcefully extracted from Venom (while bonded with Eddie Brock) by the Life Foundation Donna's is the only one still active today that is not bonded to Hybrid.,
1011242,Screwball,24415,Trained in parkour Screwball fairly new to the New York City superhuman criminal community specializes in recording he crimes and broadcasting them live over the internet.,
1009581,Sebastian Shaw,40250,Sebastian Shaw was invited to join the elite Hellfire Club and quickly worked his way into a position within the Inner Circle.,
1011368,Secret Warriors,23714,null,
1009568,Selene,10161,The long-standing Black Queen of the Hellfire Club's Inner Circle Selene Gallio professes to have lived for several millennia and to have been a foe of the ancient sorcerer Kulan Gath.,
1009569,Senator Kelly,13682,null,
1009570,Sentinel,5785,null,
1011323,Sentinels,37590,null,
1009571,Sentry (Robert Reynolds),24348,Empowered by the enigmatic Professor's secret formula high school student Robert Reynolds became a superhuman.,
1011167,Ser Duncan,37491,null,
1009572,Serpent Society,7691,null,
1010345,Sersi,17490,Sersi is a member of the Eternals a species diverted from humanity by experiments conducted by the Celestials one million years ago.,
1009573,Shadow King,1587,One of the oldest and more powerful mutants ever Amahl Farouk has been a threat to mankind at least for decades. He was the first evil mutant met by Charles Xavier convincing him of the need of the X-Men.,
1010973,Shadow King (Age of Apocalypse),null,null,
1009574,Shadowcat,null,null,
1010975,Shadowcat (Age of Apocalypse),1489,Katherine Pryde lived in the suburbs of Illinois and kept her mutant abilities a secret.,
1010974,Shadowcat (Ultimate),null,After fourteen-year-old Kitty Pryde's mutant powers emerged causing terrifying incidents where she uncontrollably phased out of the family apartment in to moving traffic andsewers her mother Theresa contacted Professor Xavier.,
1011406,Shadu the Shady,16534,Shadu the Shady claimed to travel to many unseen magical lands and witnessed miracles he would duplicate at a club called the 53rd Card.,
1009575,Shalla-bal,20192,null,
1009576,Shaman,12637,Dr. Michael Twoyoungmen was a surgeon who found that modern science was insufficient to accomplish everything he wished to do and so he turned to mysticism that his grandfather told him about.,
1014979,Shane Yamada-Jones,null,null,
1009577,Shang-Chi,35528,Shang-Chi is the son of an internationally-renowned and powerful criminal mastermind whose childhood was a lonely one full of constant training in rigorous mental and martial arts with only limited contact with his parents.,
1015001,Shang-Chi (Ultimate),15774,null,
1009578,Shanna the She-Devil,8559,The only daughter of a wealthy diamond miner Shanna grew up in the Zaire jungles where at age six she witnessed her father’s accidental fatal shooting of her mother starting a lifelong loathing of firearms.,
1010712,Shape,17534,"Often clashing with the heroes of the Squadron Supreme the Shape was later subjected to the mind-altering behavior modification device used as part of the Squadron Supreme's ""Utopia Program.""",
1009579,Shard,17851,Shard and her older brother Bishop were raised in the 21st Century some eighty years into an alternate future by their grandmother in a timeline in which the X-Men were betrayed by one of their own and killed causing a disaster that caused the government to place a stylized 'M' tattoo over the left eyes of all mutants.,
1009228,Sharon Carter,30885,null,
1010895,Sharon Ventura,16003,null,
1009580,Shatterstar,7415,Shatterstar is Gaveedra Seven the product of bio-engineering on an otherdimensional world who was at one point merged with an Earth mutant named Benjamin Russell the nature of whose genetic mutation remains unknown.,
1017111,She-Hulk (HAS),null,She-Hulk is the Hulk's action-loving cousin. She's unbelievably strong pilots the group's heavily armed Jump Jet and uses a pair of Gamma Gauntlets that give her fists an added energy wallop. As the most competitive member of the team She-Hulk never backs down from a fight arm-wrestling match or burping contest!  ,
1009583,She-Hulk (Jennifer Walters),24348,Seriously wounded young lawyer Jennifer Walters was given a blood transfusion by her cousin Bruce Banner. Usually in better control of her powers and temper than the Hulk She-Hulk has been a high profile New York lawyer as well as an upstanding member of both the Avengers and Fantastic Four.,
1011392,She-Hulk (Lyra),24053,null,
1017331,She-Hulk (Marvel War of Heroes),null,null,
1011393,She-Hulk (Ultimate),24155,null,
1015035,Shen,null,null,
1011168,Sheva Callister,null,null,
1011093,Shi'Ar,13698,null,
1011381,Shinko Yamashiro,null,null,
1009582,Shinobi Shaw,17997,Shinobi Shaw is the illegitimate son of Sebastian Shaw who was rejected and abandoned by his father at an early age and grew tired of waiting to inherit his father's wealth and wearied of the elder Shaw's contempt for his decadent lifestyle.,
1009584,Shiva,14171,null,
1011394,Shiver Man,24492,The Shiver Man is an undead bounty hunter who has worked with Nick Fury and Wolverine.,
1009585,Shocker (Herman Schultz),6541,Herman Schultz is a career criminal who after several prison terms for robbery built a battle suit that sent out shock waves to quickly open safes as well as give him a significant advantage over the New York police.,
1010858,Shockwave,null,Lancaster Sneed was a secret agent working for the United Kingdom’s MI:6 but no one esteemed him as highly as himself and despite his pride he was wounded in an explosion on his first field assignment and forced to undergo a radical surgery that grafted metal plates and cybernetic systems to his body.,
1010824,Shooting Star,16018,null,
1009586,Shotgun,8266,null,
1009587,Shriek,14656,Shriek became a groupie for a rock band and a drug dealer on the side until the vigilantes Cloak and Dagger happened by during one of her deals.,
1009588,Sif,38716,Sif was born a second generation goddess of Asgard and eventually became Thor's lover.,
1010848,Silhouette,23514,Silhouette Chord is a descendant of the Dragon's Breadth cult which spent centuries trying to master the Well of All Things a hidden interdimensional mystic energy breach in Cambodia.,
1010856,Silk Fever,null,null,
1010339,Silver Centurion,null,null,
1009589,Silver Fox,14168,Silver Fox was a young member of the Blackfoot Indian tribe who in the early 1910s fell in love with a young mutant named Logan and shared a cabin with him in a remote community in the Canadian Rockies.,
1009590,Silver Sable,6684,Silver Sable trained her entire life becoming a master of a wide variety of weapons and training in all forms of hand-to-hand combat in preparation for the day she would inherit leadership of the Wild Pack.,
1009591,Silver Samurai,20946,Keniuchio Harada is the mutant son of the former Japanese crimelord Shingen Harada.,
1010976,Silver Samurai (Age of Apocalypse),1489,Silver Samurai was a mutant rebel in his homeland of Japan where alongside Sunfire he stood as the last line of defense against the hordes of Apocalypse.,
1009592,Silver Surfer,4836,When Zenn-La was threatened by the world-devouring entity known as Galactus Norrin Radd stood up for his home planet and offered to work for Galactus finding him new planets to eat in exchange for saving his own. Years later the Surfer has protected Earth and many other planets becoming one of the greatest heroes in the universe.,
1010864,Silverclaw,17567,When her father died Lupe was taken in by the Church orphanage despite their misgivings about her “ungodly” powers.,
1009594,Silvermane,6895,Silvio Manfredi has been a career criminal for most of his life.,
1010898,Sin,41351,null,
1011265,Sinister Six,39018,null,
1014975,Sir Ram,null,null,
1010834,Siren (Earth-93060),null,Jennifer Pearson appeared on the Ultra hero scene as Siren after being held hostage by her fathers foe known as Mannequin.,
1010745,Sister Grimm,null,null,
1011223,Skaar,29378,The Hulk fathered a son while on the planet Sakaar but thought him killed while still in his mother's womb; he was wrong.,
1017101,Skaar (HAS),null,"No one knows where Skaar the savage sword-swinger came from but one thing is for sure...he's a Hulk. The intensity of Skaarâ€™s war cry ""Skaar Slash!"" is matched only by his ferocious appetite. Although he is a great asset in the fight against evil Skaar is just as destructive at home as he is on the battlefield. ",
1009598,Skin,13858,"Angelo Espinosa a founding member of Generation X code-named ""Skin"" due to his mutant ability to extend and control his extra skin in any number of ways.",
1011157,Skreet,null,The Proemial God Aegis revealed that Skreet was a Chaos Mite a race of very small and powerful beings which were deemed unstable by the Cosmic Consonance.,
1009599,Skrulls,21366,null,
1015002,Skrulls (Ultimate),15783,null,
1009600,Skullbuster (Cylla Markham),13770,null,
1011057,Slapstick,17397,"Steven Harmon's powers have been described as ""all of the abilities of a Saturday morning cartoon character.""",
1011070,Slayback,null,Ten years ago Slayback was killed by Deadpool before returning from the dead to break into Department K from which he stole the Weapon X Program files of Kane and Deadpool.,
1009601,Sleeper,4482,null,
1010761,Sleepwalker,null,Sleepwalkers are guardians of the Mindscape -- they apprehended beings that invade the sleeping minds of humans.,
1009602,Slipstream,15012,Australian mutant siblings Heather and Davis Cameron were sent to live in Surfer's Paradise by their father in an effort to spare them from his life as Viceroy godfather of Australian organized crime.,
1010874,Slyde,null,A scientist at Beemont Manufacturing Jalome Beacher created a chemical that could be used to coat a surface and thereby eliminate all friction between it and any other object which he used after being downsized to rob banks and his former employers.,
1009603,Smasher (Vril Rokk),6503,Smasher is a member of the Imperial Guard a multi-ethnic group of super-powered alien beings who act as enforcers of the laws of the Shi'ar Empire.,
1010845,Smiling Tiger,null,null,
1009606,Snowbird,12637,Narya's origins trace back to ancient times when the Eskimo Gods of the North battled the mystical Great Beasts for the fate of the world.,
1010855,Solo (James Bourne),10172,James Bourne was drafted to a top-secret special forces operation where he endured ten months of hard and brutal training to earn his place in the new counter-terrorist group Omega Strike.,
1010693,Songbird,17493,"Melissa Gold grew up on the streets adopting her mother's name ""Mimi"" as part of a hard cold persona she developed as a survival mechanism.",
1011373,Sons of the Tiger,null,null,
1009607,Spacker Dave,null,null,
1010705,Spectrum,7094,null,
1010833,Speed,37421,Tommy Shepherd may be the son of the Scarlet Witch and the Vision and thus the twin brother of Wiccan.,
1011032,Speed Demon,7338,James Saunders a disgruntled chemist tired of his job with the Hudson Pharmaceutical Company of West Caldwell New Jersey was contacted by the Grandmaster and offered superhuman powers in exchange for joining a team that would compete on his behalf.,
1010694,Speedball (Robert Baldwin),null,null,
1009605,Spencer Smythe,30326,null,
1011366,Sphinx (Anath-Na Mut),null,null,
1010727,Spider-dok,null,null,
1009157,Spider-Girl (Anya Corazon),735,缹,
1009609,Spider-Girl (May Parker),5286,"May ""Mayday"" Parker is the daughter of Spider-Man and Mary Jane Watson-Parker. Born with all her fatherï¿½s powers-and the same silly sense of humor-sheï¿½s grown up to become one of Earthï¿½s most trusted heroes and a fitting tribute to her proud papa.",
1011347,Spider-Ham (Larval Earth),23642,As Spider-Ham Peter faced such nefarious foes as Ductor Doom Bull-Frog Raven the Hunter Hogzilla the Buzzard and the King-Pig!,
1009610,Spider-Man,320,Bitten by a radioactive spider high school student Peter Parker gained the speed strength and powers of a spider. Adopting the name Spider-Man Peter hoped to start a career using his new abilities. Taught that with great power comes great responsibility Spidey has vowed to use his powers to help people.,
1011054,Spider-Man (1602),6777,null,
1014873,Spider-Man (2099),55711,null,
1016452,Spider-Man (Ai Apaec),35246,null,
1014858,Spider-Man (Ben Reilly),null,null,
1012200,Spider-Man (House of M),null,In the House of M universe surrounded by his family including his young son Richard and close friends Peter Parker is the envy of the world and its most popular mutant; but lately Peter has felt like something is wrong in his world.,
1017332,Spider-Man (LEGO Marvel Super Heroes),null,null,
1011114,Spider-Man (Marvel Zombies),22259,Zombie Spider-Man ate his own wife and aunt the only two people left in the world who truly loved him.,
1017305,Spider-Man (Marvel: Avengers Alliance),null,null,
1016181,Spider-Man (Miles Morales),42566,Teenager Miles Morales grew up in Brooklyn New York. Recently Miles took on the controversial and pressured role of Spider-Man shortly after the death of the original. Morales made his debut against The Kangaroo much to the surprise and disapproval of many present at the confrontation.,
1012295,Spider-Man (Noir),24312,null,
1011377,Spider-Man (Takuya Yamashiro),null,null,
1011010,Spider-Man (Ultimate),3438,Peter’s relatively normal life changed abruptly during a school trip to Osborn Industries Inc where the company had been working on a super soldier serum the Oz Compound; a spider exposed to it escaped and bit Peter before it was destroyed.,
1010795,Spider-Woman (Charlotte Witter),37899,null,
1009608,Spider-Woman (Jessica Drew),37899,When young Jessica Drew suffered uranium poisoning in 1931 her father was forced to inject her with his untested spider serum and seal her in a genetic accelerator.,
1010794,Spider-Woman (Mattie Franklin),37895,Mattie Franklin was granted her powers when after overhearing a phone call between her father and Norman Osborn about the Gathering of the Five she took her father's place during the Gathering and was endowed with the awesome powers that Norman Osborn had wanted for himself.,
1009614,Spiral (Rita Wayword),8571,Spiral was created to be an agent of Mojo the despotic leader of Mojo World often used as his favored personal servant executioner and spy.,
1011158,Spirit,null,Spirit is a member of the Luphomoid race and she is one of the few survivors of her planet's destruction.,
1010899,Spitfire,24549,During World War II Jacqueline Falsworth bravely served in Britain’s Home Guard.,
1009616,Spot,23739,Jonathan Ohnn was working as a research scientist on behalf of Wilson Fisk the Kingpin of Crime.,
1011180,Sprite,null,Sprite is a mischievous Eternal who maintains a perpetual youthful appearance.,
1009617,Spyke,null,null,
